623,43398969,-0.0003502557,0.0004671146,0.0001495527,-0.262299,-0.04824165,-9.79908,0,0,45.26403,1,1,7996,3998
1017,43476586,-6.421741e-05,0.0002256969,-0.0002176741,-0.2501024,-0.05606136,-9.788243,0,0,45.26529,1,1,7996,3998
1268,43615439,-0.0001815815,0.0003059213,0.0003489915,-0.2599791,-0.05291507,-9.797327,0,0,45.26761,1,1,7996,3998
1283,43635569,-0.0001560304,0.0003551448,0.0002827347,-0.2564083,-0.05674719,-9.791858,0,0,45.2677,1,1,7996,3998
1290,43655521,-8.233532e-05,0.0004782409,0.0002505833,-0.2590239,-0.05266486,-9.798885,0,0,45.2677,1,1,7996,3998
1297,43675578,-0.0001107121,0.0005460223,0.0001152314,-0.262421,-0.05480279,-9.796717,0,0,45.2677,1,1,7996,3998
1306,43695587,-0.0001158069,0.0004980803,2.57022e-05,-0.2607173,-0.05859281,-9.800272,0,0,45.2677,1,1,7996,3998
1313,43715727,-0.0001123063,0.0003683692,1.551906e-05,-0.2582346,-0.05357157,-9.802567,0,0,45.26761,1,1,7996,3998
1328,43735561,-5.45904e-05,0.0001770403,-6.347641e-05,-0.2593131,-0.05517343,-9.803878,0,0,45.26741,1,1,7996,3998
1335,43755395,-0.0001345063,3.557309e-05,8.451708e-05,-0.2623421,-0.05381528,-9.803411,0,0,45.26712,1,1,7996,3998
1342,43775563,-0.0001354156,9.128707e-05,0.0002659052,-0.2610853,-0.05397873,-9.803078,0,0,45.26645,1,1,7996,3998
1354,43795616,-0.0001457313,8.516764e-05,0.0003474574,-0.263518,-0.0560718,-9.794067,0,0,45.2658,1,1,7996,3998
1361,43815680,-4.116278e-05,6.033852e-05,0.0003527764,-0.2591133,-0.05565535,-9.792654,0,0,45.26533,1,1,7996,3998
1374,43835574,0.000118594,3.09647e-05,0.0003828812,-0.2584812,-0.05730177,-9.798523,0,0,45.26506,1,1,7996,3998
1381,43855574,0.0001292394,-6.389985e-05,0.0003046764,-0.248964,-0.05644066,-9.794912,0,0,45.26465,1,1,7996,3998
1390,43875565,-2.654518e-05,-0.0002124455,0.0001389583,-0.2516527,-0.05570239,-9.783443,0,0,45.26482,1,1,7996,3998
1400,43895531,-0.0002221824,-0.0003801416,5.27675e-05,-0.2524512,-0.05117587,-9.786228,0,0,45.26468,1,1,7996,3998
1407,43915607,-0.0004823543,-0.000449523,-3.13052e-05,-0.2500513,-0.04602716,-9.793839,0,0,45.26483,1,1,7996,3998
1420,43935596,-0.0007029681,-0.000571191,5.804446e-05,-0.2508558,-0.05253893,-9.792911,0,0,45.26479,1,1,7996,3998
1427,43955561,-0.0006879881,-0.0005282697,0.0001279149,-0.2578348,-0.05730497,-9.795395,0,0,45.26526,1,1,7996,3998
1434,43975437,-0.0006462226,-0.0004441878,0.0003078312,-0.2631069,-0.06045545,-9.797604,0,0,45.26565,1,1,7996,3998
1443,43995598,-0.0006147298,-0.0003572676,0.0005039208,-0.262167,-0.062137,-9.782,0,0,45.26609,1,1,7996,3998
1450,44015658,-0.0004608218,-0.0001458566,0.0005224746,-0.2553858,-0.0570238,-9.777933,0,0,45.26553,1,1,7996,3998
1463,44035531,-0.0001522347,0.0001598749,0.0003424995,-0.2502585,-0.04987492,-9.793697,0,0,45.26514,1,1,7996,3998
1470,44055574,9.391445e-05,0.0003428191,0.0002915951,-0.2566301,-0.04799629,-9.808123,0,0,45.26446,1,1,7996,3998
1477,44075535,0.0001855799,0.0005413694,0.0003827602,-0.2559327,-0.05129879,-9.811456,0,0,45.26373,1,1,7996,3998
1486,44095573,5.993776e-05,0.0006378779,0.0004710511,-0.2550176,-0.04536915,-9.80857,0,0,45.26315,1,1,7996,3998
1496,44115680,-0.0001827184,0.0005629351,0.0005526178,-0.2551007,-0.04277152,-9.800371,0,0,45.26281,1,1,7996,3998
1509,44135556,-0.0003473058,0.0004232955,0.0004815665,-0.2544674,-0.0447345,-9.800803,0,0,45.26241,1,1,7996,3998
1516,44155546,-0.0002189983,0.0002587517,0.0002005542,-0.259195,-0.04960443,-9.80545,0,0,45.26292,1,1,7996,3998
1523,44175519,-0.0001183279,0.0001927983,-2.770383e-05,-0.2672026,-0.05251078,-9.806103,0,0,45.26322,1,1,7996,3998
1532,44195564,-1.319833e-05,0.0001729411,8.635825e-05,-0.2647105,-0.05158706,-9.809597,0,0,45.26341,1,1,7996,3998
1539,44215625,0.0001617413,0.0001886337,0.0001674525,-0.2525111,-0.04926394,-9.803838,0,0,45.26341,1,1,7996,3998
1552,44235637,0.0001631864,0.0001463911,0.0001534179,-0.2466032,-0.05289812,-9.789979,0,0,45.26341,1,1,7996,3998
1559,44255538,1.914214e-05,0.0001568709,2.34322e-05,-0.2484297,-0.05987827,-9.783691,0,0,45.26341,1,1,7996,3998
1568,44275567,-0.0001514593,0.0002991465,-2.256017e-05,-0.2588733,-0.06113852,-9.787045,0,0,45.26325,1,1,7996,3998
1575,44295583,-0.0002002303,0.0006006976,-9.282423e-05,-0.2587302,-0.05945518,-9.787395,0,0,45.26306,1,1,7996,3998
1583,44315614,-9.390097e-05,0.0006523003,-0.0001700977,-0.2554169,-0.05887052,-9.794971,0,0,45.26289,1,1,7996,3998
1596,44335572,-0.0001375893,0.0005708386,-0.0001164905,-0.2545132,-0.0564592,-9.810337,0,0,45.26308,1,1,7996,3998
1603,44355567,4.276951e-05,0.0005366638,-0.0001277477,-0.2539464,-0.05341722,-9.812394,0,0,45.26328,1,1,7996,3998
1610,44375535,0.0002078604,0.0004667858,-0.0001571573,-0.260227,-0.05253293,-9.8072,0,0,45.26352,1,1,7996,3998
1619,44395522,0.0002739789,0.0001980345,-0.0001150566,-0.2656993,-0.05455847,-9.796324,0,0,45.26411,1,1,7996,3998
1626,44415656,0.0003250351,4.680912e-05,-3.929454e-05,-0.2643409,-0.05020971,-9.800865,0,0,45.26447,1,1,7996,3998
1639,44435571,0.0003507092,-0.0001078142,-1.29385e-05,-0.2628405,-0.04855974,-9.807014,0,0,45.2645,1,1,7996,3998
1646,44455635,0.0003436324,-0.0002729543,0.0001798494,-0.2583802,-0.043012,-9.811348,0,0,45.26443,1,1,7996,3998
1658,44475528,0.0003238124,-0.0002914759,0.0004274129,-0.2520612,-0.04805089,-9.807417,0,0,45.26418,1,1,7996,3998
1665,44495537,0.0002427837,-0.0001835364,0.0005227724,-0.2514426,-0.05199853,-9.801968,0,0,45.26373,1,1,7996,3998
1672,44515628,0.0002247365,-4.36647e-05,0.0004573574,-0.2559277,-0.05577472,-9.797899,0,0,45.26341,1,1,7996,3998
1685,44535446,0.0002380485,-9.200257e-06,0.0001950043,-0.2608023,-0.05654736,-9.800255,0,0,45.26325,1,1,7996,3998
1692,44555584,0.0003156891,0.0001133686,7.523307e-05,-0.2589802,-0.04794092,-9.792803,0,0,45.26306,1,1,7996,3998
1701,44575569,0.0003966105,0.0001138345,0.0001625444,-0.2624545,-0.05121943,-9.792778,0,0,45.26286,1,1,7996,3998
1708,44595542,0.0003715769,0.0001120657,0.0002004138,-0.259877,-0.05166505,-9.801394,0,0,45.26237,1,1,7996,3998
1715,44615582,0.0002866755,-2.03595e-05,-3.210979e-06,-0.253511,-0.04765499,-9.803739,0,0,45.26184,1,1,7996,3998
1728,44635561,7.083445e-06,-0.0001068495,-3.916065e-05,-0.2525534,-0.04894512,-9.804358,0,0,45.26102,1,1,7996,3998
1735,44655584,-0.0002044566,-0.0002098098,-1.62374e-05,-0.2633328,-0.05167141,-9.797993,0,0,45.26027,1,1,7996,3998
1744,44675615,-0.0002534412,-0.0001133254,-7.938484e-05,-0.2625794,-0.05185645,-9.799325,0,0,45.25978,1,1,7996,3998
1751,44695568,-0.0001629013,4.478663e-05,-0.0001017742,-0.260388,-0.05031745,-9.795308,0,0,45.25949,1,1,7996,3998
1758,44715675,-0.0003516651,-9.013416e-06,-0.0001006655,-0.2587568,-0.04614994,-9.791976,0,0,45.2588,1,1,7996,3998
1772,44735574,-0.0005858403,3.477249e-05,8.562156e-05,-0.2577212,-0.05125295,-9.794383,0,0,45.25836,1,1,7996,3998
1779,44755438,-0.000667048,5.337017e-05,0.0001857071,-0.2566762,-0.05215029,-9.796085,0,0,45.25779,1,1,7996,3998
1786,44775570,-0.0006054113,9.863439e-05,0.0003275459,-0.2532142,-0.05205585,-9.794315,0,0,45.25749,1,1,7996,3998
1795,44795578,-0.0004893701,5.170603e-05,0.0004682682,-0.2560388,-0.05497383,-9.80421,0,0,45.2571,1,1,7996,3998
1805,44815597,-0.0003608307,-0.0001392071,0.0005445473,-0.2565074,-0.04974029,-9.79785,0,0,45.25716,1,1,7996,3998
1818,44835587,-0.0001949918,-0.0002751389,0.0005166513,-0.2572542,-0.04804395,-9.806156,0,0,45.25706,1,1,7996,3998
1825,44855562,-0.0001525664,-0.0002094591,0.0005937646,-0.2537834,-0.04765457,-9.800724,0,0,45.25705,1,1,7996,3998
1834,44875602,-0.000117529,-0.0001851949,0.0005498582,-0.2522344,-0.05455596,-9.793349,0,0,45.25717,1,1,7996,3998
1841,44895588,-3.149449e-05,-0.0002497647,0.0005407616,-0.2593899,-0.05803193,-9.796858,0,0,45.25693,1,1,7996,3998
1849,44915602,-9.139186e-05,-0.0003525497,0.0004646605,-0.2667665,-0.05024512,-9.800801,0,0,45.25716,1,1,7996,3998
1862,44935549,-0.0002318928,-0.0002160305,0.0002869683,-0.2587948,-0.04340716,-9.806142,0,0,45.25707,1,1,7996,3998
1869,44955566,-0.000342856,-0.0001006907,0.0002687768,-0.2556303,-0.0460334,-9.802597,0,0,45.2569,1,1,7996,3998
1876,44975562,-0.000481307,4.529274e-05,0.0004622186,-0.2610783,-0.03938295,-9.793491,0,0,45.2569,1,1,7996,3998
1885,44995560,-0.0004395712,7.926208e-05,0.0006202863,-0.2598772,-0.0406569,-9.781122,0,0,45.25725,1,1,7996,3998
1892,45015623,-0.0003310842,1.847511e-05,0.0007780207,-0.2643314,-0.04473149,-9.779305,0,0,45.25693,1,1,7996,3998
1905,45035442,-0.0003534683,-9.190872e-05,0.0007412183,-0.2612309,-0.04934088,-9.780157,0,0,45.25711,1,1,7996,3998
1912,45055579,-0.0002519038,-0.0001874404,0.0006514376,-0.2542974,-0.05285206,-9.785913,0,0,45.25716,1,1,7996,3998
1921,45075611,-0.0001044039,-0.0004144112,0.0003738714,-0.2522295,-0.05928605,-9.799383,0,0,45.25719,1,1,7996,3998
1928,45095580,1.075559e-05,-0.0004357684,-2.258127e-05,-0.2519063,-0.05413195,-9.814074,0,0,45.25674,1,1,7996,3998
1936,45115667,0.0001269614,-0.0003716621,-0.0001814227,-0.2506416,-0.05139538,-9.810343,0,0,45.25674,1,1,7996,3998
1949,45135559,0.0001493676,-0.0004596842,-0.0002313542,-0.2499834,-0.05336948,-9.786606,0,0,45.25654,1,1,7996,3998
1956,45155573,0.0001537377,-0.0004885342,7.657312e-05,-0.259943,-0.04934707,-9.783137,0,0,45.25636,1,1,7996,3998
1963,45175425,2.821671e-05,-0.0002534187,0.0003580305,-0.2655623,-0.05121595,-9.781392,0,0,45.25637,1,1,7996,3998
1972,45195593,-0.0002105375,6.043254e-05,0.0006210686,-0.2640183,-0.05421961,-9.784155,0,0,45.25657,1,1,7996,3998
1979,45215619,-0.0003788403,0.0002156036,0.000562543,-0.260086,-0.05292236,-9.785995,0,0,45.25669,1,1,7996,3998
1992,45235579,-0.0003503278,0.0003619722,0.000399029,-0.2535518,-0.05063671,-9.78867,0,0,45.25669,1,1,7996,3998
1999,45255441,-0.0002616094,0.000453732,0.0002929581,-0.2558141,-0.0498539,-9.80129,0,0,45.25669,1,1,7996,3998
2006,45275564,-0.0002061657,0.0004466593,0.0004578157,-0.2607183,-0.04691124,-9.797073,0,0,45.25669,1,1,7996,3998
2015,45295634,-0.0001029242,0.0003858451,0.0005645707,-0.256602,-0.05134495,-9.792366,0,0,45.25669,1,1,7996,3998
2022,45315712,-6.186918e-05,0.0003721882,0.0007228284,-0.2509919,-0.05456764,-9.790483,0,0,45.25669,1,1,7996,3998
2038,45335727,-7.852158e-05,0.0003338766,0.0007737277,-0.2571511,-0.05658805,-9.794241,0,0,45.25669,1,1,7996,3998
2045,45355615,-0.0001508022,7.517424e-05,0.0005779673,-0.2569242,-0.05567551,-9.786999,0,0,45.25652,1,1,7996,3998
2052,45375590,-0.0002954359,1.027143e-05,0.0005455755,-0.2512786,-0.05158725,-9.786016,0,0,45.25632,1,1,7996,3998
2061,45395544,-0.000447774,2.340139e-05,0.0006406193,-0.2545673,-0.05314974,-9.788826,0,0,45.25645,1,1,7996,3998
2068,45415653,-0.0003921514,0.0001249558,0.0006829926,-0.2593901,-0.0578726,-9.788079,0,0,45.25665,1,1,7996,3998
2081,45435605,-0.0003160042,0.0002560081,0.0006903912,-0.262307,-0.05366401,-9.78837,0,0,45.25702,1,1,7996,3998
2088,45455598,-0.000281486,0.000218252,0.0006958122,-0.2568935,-0.04822002,-9.785249,0,0,45.25772,1,1,7996,3998
2095,45475602,-0.0002729723,0.0001155951,0.0005596771,-0.2535739,-0.04330763,-9.793702,0,0,45.25858,1,1,7996,3998
2104,45495613,-0.0002006354,-6.191583e-06,0.0003932424,-0.2551458,-0.04698617,-9.794404,0,0,45.2595,1,1,7996,3998
2111,45515675,-2.960121e-05,-9.655744e-05,0.0003014712,-0.2643323,-0.056122,-9.790856,0,0,45.26075,1,1,7996,3998
2124,45535559,8.045049e-05,-0.0001064664,0.0002787855,-0.2716171,-0.05475895,-9.792785,0,0,45.26183,1,1,7996,3998
2131,45555681,0.000113337,-7.671096e-06,0.0001680435,-0.2637273,-0.0542476,-9.789682,0,0,45.26267,1,1,7996,3998
2138,45575610,0.0001318895,-3.865336e-05,0.000199988,-0.2571165,-0.05260173,-9.787183,0,0,45.26323,1,1,7996,3998
2147,45595661,7.319404e-05,-0.0001289006,0.0002907345,-0.2566558,-0.05010833,-9.788082,0,0,45.2638,1,1,7996,3998
2154,45615666,-1.956252e-06,1.546164e-08,0.0004062815,-0.2560624,-0.05294494,-9.787252,0,0,45.26419,1,1,7996,3998
2167,45635622,-0.0001628221,3.455061e-05,0.0005728119,-0.2499826,-0.0521346,-9.799276,0,0,45.26448,1,1,7996,3998
2174,45655654,-0.0001398117,4.479867e-05,0.000506717,-0.2495421,-0.05307004,-9.798773,0,0,45.26503,1,1,7996,3998
2181,45675562,-0.0001632364,0.0001609632,0.0002796705,-0.2532905,-0.05308195,-9.798157,0,0,45.26461,1,1,7996,3998
2190,45695642,-0.0002702691,0.0003437779,5.244429e-05,-0.2617699,-0.05044019,-9.792833,0,0,45.2642,1,1,7996,3998
2197,45715669,-0.0003058559,0.0002413099,-0.0001125982,-0.2618635,-0.05455062,-9.795853,0,0,45.26367,1,1,7996,3998
2210,45735622,-0.0002551236,0.0001081005,-0.0002425501,-0.2519684,-0.05210106,-9.796682,0,0,45.26282,1,1,7996,3998
2217,45755659,-0.0002030011,6.528494e-05,-0.0001768828,-0.2522257,-0.04853024,-9.799155,0,0,45.2619,1,1,7996,3998
2224,45775691,-0.0003385753,6.930261e-05,-3.915045e-05,-0.2534764,-0.04805021,-9.802502,0,0,45.26075,1,1,7996,3998
2233,45795643,-0.0003850127,5.540123e-05,-1.714251e-05,-0.2582973,-0.04986865,-9.802365,0,0,45.25954,1,1,7996,3998
2240,45815643,-0.0004335575,-7.643257e-05,-0.0001289236,-0.2544343,-0.05058925,-9.803463,0,0,45.25896,1,1,7996,3998
2256,45835673,-0.0002703931,-0.0003301298,-0.0002069815,-0.2516211,-0.05293351,-9.800707,0,0,45.25873,1,1,7996,3998
2263,45855673,-0.0001535683,-0.000405328,-0.0002423545,-0.2529635,-0.05941964,-9.802082,0,0,45.25856,1,1,7996,3998
2272,45875689,-0.0001526695,-0.0004003723,-0.0001773276,-0.2534193,-0.06303676,-9.797322,0,0,45.25866,1,1,7996,3998
2279,45895694,-0.0001871884,-0.0002442462,2.686481e-05,-0.2496126,-0.05350761,-9.80014,0,0,45.25876,1,1,7996,3998
2286,45915715,-0.0002876416,0.0001913599,-8.885752e-05,-0.2499121,-0.04611881,-9.803357,0,0,45.25886,1,1,7996,3998
2300,45935682,-0.0003290219,0.0004318306,-0.0002340856,-0.2535922,-0.05052681,-9.797837,0,0,45.25887,1,1,7996,3998
2307,45955431,-0.0003171092,0.0006457461,-0.0003359272,-0.2554294,-0.04880944,-9.794069,0,0,45.25877,1,1,7996,3998
2314,45975675,-0.0003758403,0.0006157749,-0.0001421713,-0.2562964,-0.04470624,-9.80191,0,0,45.25867,1,1,7996,3998
2323,45995737,-0.0005120955,0.0004804159,-1.551845e-06,-0.2603427,-0.04193532,-9.814665,0,0,45.25857,1,1,7996,3998
2330,46015687,-0.0005928722,0.0003191154,0.000136986,-0.2583431,-0.04399684,-9.806358,0,0,45.25861,1,1,7996,3998
2343,46035551,-0.0006112908,1.747134e-05,0.0002446141,-0.2613448,-0.04909153,-9.79989,0,0,45.25871,1,1,7996,3998
2350,46055608,-0.0004106497,1.161918e-05,0.0002354428,-0.2619733,-0.04753388,-9.798819,0,0,45.25881,1,1,7996,3998
2359,46075624,-0.0003544975,0.0001472564,0.0001472585,-0.2631798,-0.05059064,-9.796187,0,0,45.25891,1,1,7996,3998
2366,46095623,-0.0002993134,1.098522e-05,5.486714e-06,-0.2608717,-0.04613864,-9.797628,0,0,45.25908,1,1,7996,3998
2374,46115671,-0.0002872729,-0.00017332,-8.34738e-05,-0.2555766,-0.05086703,-9.798509,0,0,45.25985,1,1,7996,3998
2387,46135625,-0.0001586251,-0.0003363106,-6.66986e-05,-0.2456306,-0.04879577,-9.792506,0,0,45.26072,1,1,7996,3998
2394,46155633,0.0001281475,-0.0004293194,3.425426e-05,-0.2507238,-0.0511363,-9.790926,0,0,45.26146,1,1,7996,3998
2401,46175571,0.0002824637,-0.0003364606,0.0001119515,-0.2588165,-0.05349451,-9.783087,0,0,45.26215,1,1,7996,3998
2410,46195625,0.000360741,-0.0001945239,5.948301e-05,-0.2600372,-0.05954778,-9.787535,0,0,45.26284,1,1,7996,3998
2417,46215713,0.000316565,-3.241514e-05,0.0001459962,-0.2615934,-0.05769675,-9.794108,0,0,45.26305,1,1,7996,3998
2430,46235631,0.0001570181,0.0002549534,0.000168386,-0.2574952,-0.05941162,-9.801924,0,0,45.26324,1,1,7996,3998
2437,46255635,3.654005e-05,0.0005170942,0.0001545309,-0.2579693,-0.05825939,-9.807056,0,0,45.26343,1,1,7996,3998
2446,46275578,-0.00012305,0.0006192985,0.0002062889,-0.2558815,-0.06487612,-9.793983,0,0,45.2642,1,1,7996,3998
2453,46295580,-0.0002831642,0.0005386829,0.0003563162,-0.2604978,-0.06177396,-9.791321,0,0,45.26534,1,1,7996,3998
2460,46315627,-0.0004360758,0.0003084272,0.0006196834,-0.259434,-0.05557243,-9.799313,0,0,45.26612,1,1,7996,3998
2473,46335599,-0.0004587281,0.0001300341,0.0006759752,-0.2606069,-0.04692265,-9.802877,0,0,45.26656,1,1,7996,3998
2481,46355595,-0.0005440856,1.894444e-05,0.000603076,-0.2575785,-0.05392978,-9.801462,0,0,45.26709,1,1,7996,3998
2488,46375574,-0.0005015584,1.486072e-05,0.000500284,-0.2519859,-0.05690914,-9.794729,0,0,45.267,1,1,7996,3998
2497,46395621,-0.000558711,6.616006e-05,0.0004737193,-0.2533596,-0.0555792,-9.791978,0,0,45.26718,1,1,7996,3998
2504,46415690,-0.0004956271,-5.388222e-05,0.000422797,-0.2570883,-0.05570379,-9.792358,0,0,45.26716,1,1,7996,3998
2517,46435658,-0.0003786063,-0.0002673182,0.0004686866,-0.2643209,-0.04888297,-9.80655,0,0,45.26707,1,1,7996,3998
2524,46455635,-0.0003976348,-0.000291593,0.0005726997,-0.2634595,-0.04472831,-9.805948,0,0,45.26704,1,1,7996,3998
2533,46475629,-0.000308405,-2.812567e-05,0.0006540987,-0.258898,-0.04745779,-9.801001,0,0,45.26691,1,1,7996,3998
2540,46495600,-0.0002788663,0.0001510949,0.000457144,-0.2581756,-0.04960083,-9.793209,0,0,45.26714,1,1,7996,3998
2547,46515676,-0.0001691574,3.80025e-05,0.000274412,-0.2550571,-0.05758948,-9.793827,0,0,45.26707,1,1,7996,3998
2560,46535654,-0.000205157,1.535542e-05,0.0001016492,-0.2507328,-0.05205062,-9.788777,0,0,45.26708,1,1,7996,3998
2567,46555591,-0.0002316043,-3.343132e-05,2.391143e-05,-0.2529105,-0.046359,-9.795121,0,0,45.26687,1,1,7996,3998
2574,46575583,-0.0002301724,-0.0002241076,3.517996e-05,-0.2555204,-0.04220714,-9.794666,0,0,45.26721,1,1,7996,3998
2583,46595611,-5.825211e-05,-0.0004741346,0.0001198926,-0.2508048,-0.04746541,-9.778319,0,0,45.26685,1,1,7996,3998
2590,46615676,0.0001359331,-0.0007239578,0.0003618283,-0.2519492,-0.05261092,-9.780046,0,0,45.26715,1,1,7996,3998
2603,46635595,0.0002818359,-0.0007985614,0.0007255507,-0.2461362,-0.0545724,-9.788109,0,0,45.26685,1,1,7996,3998
2610,46655686,0.0003684913,-0.0006590954,0.0008451309,-0.254868,-0.04791405,-9.797276,0,0,45.26707,1,1,7996,3998
2619,46675546,0.0003011732,-0.0004416569,0.0007701804,-0.25981,-0.04970425,-9.788943,0,0,45.26702,1,1,7996,3998
2626,46695608,0.0001091863,-0.0003779202,0.0005797381,-0.2569329,-0.04576584,-9.789686,0,0,45.26704,1,1,7996,3998
2633,46715676,-2.939836e-05,-0.0004315561,0.0005806019,-0.26397,-0.04378818,-9.790179,0,0,45.26693,1,1,7996,3998
2646,46735627,-9.570879e-05,-0.000349163,0.0005527483,-0.2590111,-0.04550802,-9.799983,0,0,45.26726,1,1,7996,3998
2653,46755703,-0.0001839924,-0.000134336,0.0004683622,-0.2561813,-0.04836333,-9.798113,0,0,45.26669,1,1,7996,3998
2662,46775649,-0.0003972619,7.337156e-05,0.0003370814,-0.2572947,-0.04449126,-9.79521,0,0,45.26574,1,1,7996,3998
2669,46795622,-0.0005320902,0.000109363,0.0003048637,-0.2641249,-0.04580951,-9.802491,0,0,45.26601,1,1,7996,3998
2676,46815600,-0.0004518802,7.215375e-05,0.0001581262,-0.2565148,-0.05010757,-9.801853,0,0,45.26588,1,1,7996,3998
2689,46835564,-0.0004464808,-2.484472e-05,4.297035e-05,-0.2553019,-0.04885701,-9.800067,0,0,45.26594,1,1,7996,3998
2699,46855617,-0.0003947527,-0.0001145963,1.733539e-05,-0.2540553,-0.05193634,-9.793841,0,0,45.26646,1,1,7996,3998
2708,46875677,-0.0004439514,-0.0001234935,-1.652533e-05,-0.2475581,-0.05281242,-9.795028,0,0,45.26681,1,1,7996,3998
2715,46895607,-0.0004476745,-0.0002223501,6.317702e-05,-0.2514063,-0.05158962,-9.794804,0,0,45.26751,1,1,7996,3998
2722,46915652,-0.0003360251,-0.0003202568,3.937039e-05,-0.2518418,-0.04648311,-9.788268,0,0,45.26805,1,1,7996,3998
2735,46935614,-0.0003586193,-0.0004054429,-9.934804e-05,-0.252151,-0.05278265,-9.781272,0,0,45.2683,1,1,7996,3998
2743,46955561,-0.0003241207,-0.0004350483,-0.0001046346,-0.2532916,-0.05639356,-9.783773,0,0,45.26741,1,1,7996,3998
2750,46975601,-0.0001074319,-0.0004432608,-0.0001897349,-0.2551206,-0.0629437,-9.790403,0,0,45.26655,1,1,7996,3998
2759,46995629,4.295112e-05,-0.0004015467,-0.0001386646,-0.2566848,-0.0662755,-9.795397,0,0,45.26598,1,1,7996,3998
2766,47015653,-7.547731e-05,-0.000252376,3.072112e-05,-0.2590746,-0.0570457,-9.792849,0,0,45.26554,1,1,7996,3998
2779,47035638,-0.000370474,-0.0001709614,8.716256e-05,-0.2593858,-0.04507755,-9.799107,0,0,45.26535,1,1,7996,3998
2786,47055610,-0.0004297248,-8.079886e-05,0.0001165084,-0.2535452,-0.04551704,-9.797099,0,0,45.26522,1,1,7996,3998
2793,47075625,-0.0002832892,-2.389341e-05,0.0002517543,-0.258159,-0.05348236,-9.795748,0,0,45.26525,1,1,7996,3998
2802,47095656,-0.0001404462,5.043975e-05,0.0003000439,-0.2523345,-0.04844073,-9.801205,0,0,45.26545,1,1,7996,3998
2810,47115691,2.36476e-05,-7.842379e-05,0.0004163078,-0.2600704,-0.04892244,-9.805315,0,0,45.26564,1,1,7996,3998
2823,47135621,0.0002263174,-0.0001120811,0.0002901943,-0.2591892,-0.05020103,-9.797457,0,0,45.26656,1,1,7996,3998
2830,47155610,0.0003991577,-8.691292e-05,0.0002141735,-0.2620194,-0.05667885,-9.808444,0,0,45.26762,1,1,7996,3998
2839,47175563,0.0002830448,-0.000111195,0.0001570967,-0.2598559,-0.06027586,-9.811269,0,0,45.26851,1,1,7996,3998
2846,47195591,0.0001783887,-0.0001390359,0.0001037427,-0.2433116,-0.0516708,-9.807136,0,0,45.26946,1,1,7996,3998
2853,47215684,0.0001018914,-0.0001938652,0.0002468833,-0.2462343,-0.05405149,-9.790299,0,0,45.27052,1,1,7996,3998
2866,47235593,0.0001028028,-0.0001652699,0.0001827621,-0.2564754,-0.05337392,-9.789519,0,0,45.27157,1,1,7996,3998
2873,47255579,8.008257e-05,-5.471859e-05,0.000215812,-0.2623855,-0.05243554,-9.798113,0,0,45.27213,1,1,7996,3998
2882,47275594,0.0002102425,-0.0001506312,0.0003205553,-0.2629581,-0.04748566,-9.799421,0,0,45.27271,1,1,7996,3998
2889,47295595,0.0003003364,-0.0001508444,0.0003817547,-0.2582639,-0.04971197,-9.799923,0,0,45.27261,1,1,7996,3998
2896,47315651,0.0001801545,-0.0001259878,0.0003871208,-0.2613422,-0.05333086,-9.799246,0,0,45.27246,1,1,7996,3998
2909,47335622,-5.233878e-05,-0.0001169177,0.0002930101,-0.2547023,-0.05167825,-9.802654,0,0,45.27284,1,1,7996,3998
2916,47355612,-0.0002349074,1.575174e-05,0.0004867433,-0.2514424,-0.05242696,-9.805658,0,0,45.27242,1,1,7996,3998
2926,47375658,-0.0002385027,0.0001298384,0.0006943265,-0.2534226,-0.0569052,-9.792544,0,0,45.27265,1,1,7996,3998
2933,47395617,-0.0002840469,0.0002306396,0.0006514362,-0.2652469,-0.05609779,-9.797866,0,0,45.27261,1,1,7996,3998
2940,47415714,-0.0003106243,0.0001078258,0.0005258018,-0.2680135,-0.05197188,-9.802792,0,0,45.27254,1,1,7996,3998
2953,47435593,-0.000171149,-0.0001983033,0.0003950913,-0.2621207,-0.04925177,-9.804123,0,0,45.27258,1,1,7996,3998
2960,47455548,-0.0001769879,-0.0003362855,0.000204783,-0.2563468,-0.04449617,-9.808149,0,0,45.2728,1,1,7996,3998
2967,47475604,-0.0002704911,-0.0003334149,0.000213575,-0.2524325,-0.05183943,-9.794897,0,0,45.2724,1,1,7996,3998
2976,47495608,-0.0004121051,-0.0002751771,0.0002840214,-0.2509463,-0.05130078,-9.790394,0,0,45.27268,1,1,7996,3998
2983,47515652,-0.0004572424,-0.0001866989,0.000136886,-0.2483088,-0.04648209,-9.787005,0,0,45.27253,1,1,7996,3998
2996,47535654,-0.0003242158,-7.552181e-05,6.180368e-06,-0.2608083,-0.04819761,-9.801168,0,0,45.27252,1,1,7996,3998
3003,47555615,-0.0002176921,3.231221e-05,9.974809e-05,-0.2562952,-0.05774989,-9.805082,0,0,45.27268,1,1,7996,3998
3010,47575611,-2.312542e-05,8.780094e-05,0.0001821953,-0.2610303,-0.06160422,-9.798116,0,0,45.27256,1,1,7996,3998
3019,47595547,0.0001561968,4.68084e-05,0.0002152732,-0.2598069,-0.06378357,-9.7868,0,0,45.27205,1,1,7996,3998
3026,47615666,0.0001800036,0.000138362,0.0003049288,-0.251752,-0.05501574,-9.788668,0,0,45.27181,1,1,7996,3998
3039,47635622,5.311874e-05,0.0002333802,0.0004717449,-0.2502975,-0.05028256,-9.79559,0,0,45.272,1,1,7996,3998
3046,47655623,-9.626266e-05,0.0004604082,0.0005474266,-0.2552528,-0.05560805,-9.806087,0,0,45.2722,1,1,7996,3998
3053,47675623,-0.0001712218,0.0006162546,0.0004429948,-0.2558973,-0.05546876,-9.81321,0,0,45.27251,1,1,7996,3998
3062,47695623,-0.0002598387,0.0007117584,0.0004692554,-0.2560527,-0.05753364,-9.812338,0,0,45.27277,1,1,7996,3998
3069,47715749,-0.0001280935,0.0006173742,0.0003977238,-0.2553962,-0.06289427,-9.800082,0,0,45.27183,1,1,7996,3998
3082,47735569,0.0001302599,0.0004918219,0.0003707167,-0.2580113,-0.05205755,-9.805658,0,0,45.27092,1,1,7996,3998
3089,47755635,0.0001978617,0.00027161,0.0003210928,-0.2574214,-0.04578182,-9.800062,0,0,45.27012,1,1,7996,3998
3098,47775609,0.0003596935,0.0001262944,0.0002136062,-0.2613484,-0.05004628,-9.792122,0,0,45.26953,1,1,7996,3998
3105,47795593,0.0004925288,0.0002410685,0.0002457825,-0.2615976,-0.0483737,-9.785809,0,0,45.26892,1,1,7996,3998
3112,47815633,0.0005206757,0.0002395825,0.0003395778,-0.2614242,-0.04812748,-9.791575,0,0,45.26863,1,1,7996,3998
3125,47835567,0.000629649,0.0001307486,0.0004050091,-0.2575834,-0.05132465,-9.799864,0,0,45.26828,1,1,7996,3998
3132,47855651,0.0005450567,5.825412e-05,0.0005309397,-0.2592065,-0.05345661,-9.794971,0,0,45.26754,1,1,7996,3998
3142,47875590,0.0004430562,-3.424416e-05,0.0006404112,-0.2594964,-0.05655507,-9.793747,0,0,45.26704,1,1,7996,3998
3151,47895611,0.000308705,-1.636748e-05,0.0007064065,-0.2565637,-0.05195884,-9.807819,0,0,45.26608,1,1,7996,3998
3158,47915663,-2.941323e-05,-7.504993e-06,0.0006259516,-0.2543867,-0.05081593,-9.814101,0,0,45.2653,1,1,7996,3998
3171,47935573,-0.0003071375,-0.0001113173,0.0005937328,-0.2545987,-0.05287038,-9.809546,0,0,45.26472,1,1,7996,3998
3178,47955619,-0.0004511813,-0.0002820979,0.000549289,-0.2624688,-0.05434546,-9.802841,0,0,45.26492,1,1,7996,3998
3188,47975707,-0.0003883433,-0.0002975268,0.0005906791,-0.2641749,-0.05304218,-9.796656,0,0,45.26571,1,1,7996,3998
3195,47995624,-0.0004465996,-0.0003972587,0.0005883104,-0.2615373,-0.05396016,-9.795942,0,0,45.26647,1,1,7996,3998
3202,48015714,-0.0004591348,-0.0004477863,0.0005034567,-0.2615575,-0.06142524,-9.782749,0,0,45.26725,1,1,7996,3998
3215,48035611,-0.0003129072,-0.000467237,0.0004122976,-0.2604575,-0.06387005,-9.78736,0,0,45.26841,1,1,7996,3998
3222,48055605,-0.0002901276,-0.000390297,0.0003158323,-0.262713,-0.0676901,-9.802699,0,0,45.26961,1,1,7996,3998
3229,48075588,-0.0001724493,-0.0001684296,0.0002393424,-0.270234,-0.06311776,-9.795503,0,0,45.27089,1,1,7996,3998
3238,48095556,-4.462394e-05,-3.315015e-05,0.0002723061,-0.2701554,-0.05452918,-9.800511,0,0,45.27184,1,1,7996,3998
3246,48115653,-5.597639e-05,0.0002346615,0.0004159799,-0.2666754,-0.05350192,-9.803339,0,0,45.27246,1,1,7996,3998
3259,48135608,-6.639164e-05,0.0004642788,0.0004768785,-0.2685438,-0.04893098,-9.810194,0,0,45.27317,1,1,7996,3998
3266,48155575,0.0001000677,0.0006645634,0.0002119501,-0.2613069,-0.04639953,-9.803005,0,0,45.27378,1,1,7996,3998
3273,48175605,0.0001907413,0.0005999232,-1.747576e-05,-0.2597483,-0.05384369,-9.803608,0,0,45.27382,1,1,7996,3998
3282,48195666,0.0002407972,0.0004052184,-8.177946e-05,-0.262543,-0.04829079,-9.807142,0,0,45.27353,1,1,7996,3998
3289,48215718,0.0002843168,0.000213647,-5.788925e-05,-0.260369,-0.05095179,-9.803327,0,0,45.2737,1,1,7996,3998
3302,48235642,0.0002511633,0.0001068209,-3.465026e-06,-0.2607688,-0.04926321,-9.804335,0,0,45.27374,1,1,7996,3998
3309,48255665,0.0001080525,-5.750128e-05,1.726004e-05,-0.2588753,-0.05336304,-9.800701,0,0,45.27369,1,1,7996,3998
3316,48275664,-2.505936e-05,-0.0003385847,1.820033e-06,-0.2568304,-0.04876076,-9.793588,0,0,45.27369,1,1,7996,3998
3325,48295650,-3.811228e-05,-0.0004786323,-6.380861e-05,-0.2564855,-0.05004968,-9.797396,0,0,45.27358,1,1,7996,3998
3332,48315729,-0.0001295873,-0.0005350496,0.0001698606,-0.2536307,-0.05233064,-9.802103,0,0,45.27371,1,1,7996,3998
3345,48335583,-0.0002855348,-0.0004431758,0.0001569744,-0.2541971,-0.04915937,-9.803553,0,0,45.27353,1,1,7996,3998
3352,48355584,-0.0002695369,-0.0003376367,1.371262e-05,-0.2584879,-0.0497251,-9.802387,0,0,45.27371,1,1,7996,3998
3359,48375574,-0.0001984137,-0.0002710778,-4.276136e-05,-0.257415,-0.05161708,-9.801962,0,0,45.27456,1,1,7996,3998
3369,48395610,-0.0001512122,-0.0001871082,-3.970168e-05,-0.2547591,-0.0536986,-9.789966,0,0,45.27525,1,1,7996,3998
3376,48415659,-0.0001282576,-0.0001037862,3.795319e-05,-0.260482,-0.05121374,-9.78296,0,0,45.27577,1,1,7996,3998
3389,48435628,-0.0002147148,-4.9743e-05,0.0001109079,-0.2615277,-0.04746834,-9.783139,0,0,45.27655,1,1,7996,3998
3396,48455531,-9.793285e-05,-1.742844e-05,0.0001209551,-0.2628647,-0.05499092,-9.780773,0,0,45.27727,1,1,7996,3998
3405,48475623,3.493133e-06,-6.466124e-05,0.0002969298,-0.2643664,-0.05647936,-9.795979,0,0,45.27693,1,1,7996,3998
3412,48495578,-0.0001252894,3.622266e-05,0.0004330773,-0.2617291,-0.04736395,-9.795967,0,0,45.27729,1,1,7996,3998
3419,48515634,-0.0002474241,0.0002633522,0.000665365,-0.2564039,-0.04888179,-9.786151,0,0,45.27789,1,1,7996,3998
3432,48535588,-0.0001959822,0.0005138978,0.0007008977,-0.2583415,-0.05149428,-9.801621,0,0,45.2785,1,1,7996,3998
3439,48555610,2.523536e-05,0.0006266119,0.0005157164,-0.2547748,-0.05733772,-9.804919,0,0,45.2788,1,1,7996,3998
3448,48575637,0.0001827736,0.0005816632,0.0003623408,-0.257343,-0.05166628,-9.789662,0,0,45.27919,1,1,7996,3998
3455,48595565,0.0002350909,0.0005210966,0.0002020979,-0.2643481,-0.05648505,-9.789846,0,0,45.27925,1,1,7996,3998
3462,48615679,0.0002040995,0.0004291635,0.0002527226,-0.2653102,-0.05269799,-9.790929,0,0,45.27885,1,1,7996,3998
3475,48635643,9.31708e-05,0.0004556488,0.0004721688,-0.2558884,-0.05104626,-9.792833,0,0,45.27849,1,1,7996,3998
3482,48655588,1.192343e-05,0.0004837204,0.0007679441,-0.2552814,-0.04866711,-9.792371,0,0,45.27794,1,1,7996,3998
3489,48675604,-1.528862e-06,0.0003253618,0.0008544261,-0.2583323,-0.04758576,-9.801408,0,0,45.27769,1,1,7996,3998
3498,48695598,1.488749e-05,0.0002788417,0.000595449,-0.2613057,-0.05438281,-9.802917,0,0,45.2775,1,1,7996,3998
3505,48715674,-7.043598e-05,0.0002051467,0.0003390689,-0.2560182,-0.06027835,-9.805376,0,0,45.2773,1,1,7996,3998
3518,48735546,-6.60391e-05,0.0003435978,0.0002494699,-0.2575008,-0.06158759,-9.810286,0,0,45.27684,1,1,7996,3998
3525,48755603,-1.03237e-05,0.0004858855,5.730485e-05,-0.2566236,-0.05952173,-9.804723,0,0,45.27707,1,1,7996,3998
3534,48775633,-1.696028e-05,0.0005422991,-0.0001965037,-0.2601066,-0.05259647,-9.8025,0,0,45.27664,1,1,7996,3998
3541,48795602,1.457047e-05,0.0006967481,-0.0001704594,-0.258287,-0.04876436,-9.80254,0,0,45.27635,1,1,7996,3998
3548,48815649,-2.293066e-06,0.0006023865,-3.080865e-05,-0.2543864,-0.05395212,-9.795645,0,0,45.27591,1,1,7996,3998
3561,48835575,0.0001904851,0.000468179,1.52539e-05,-0.2590994,-0.05372104,-9.810788,0,0,45.27501,1,1,7996,3998
3568,48855677,0.0003229251,0.0003861152,-0.0001129143,-0.2558957,-0.04940973,-9.81926,0,0,45.2737,1,1,7996,3998
3575,48875547,0.0003630963,0.0004396651,-0.000307034,-0.2569633,-0.05069694,-9.808052,0,0,45.27261,1,1,7996,3998
3587,48895610,0.000476548,0.0003978046,-0.000296664,-0.2544137,-0.05836409,-9.791303,0,0,45.2712,1,1,7996,3998
3594,48915629,0.0006369215,0.0003652836,-0.0003034769,-0.253288,-0.05469611,-9.787692,0,0,45.26992,1,1,7996,3998
3607,48935571,0.0006694683,0.0002570217,-0.0003306931,-0.2502394,-0.04757585,-9.794511,0,0,45.26905,1,1,7996,3998
3614,48955593,0.000737773,4.212091e-06,-0.0002189873,-0.2516967,-0.04605009,-9.797073,0,0,45.26834,1,1,7996,3998
3623,48975600,0.0006771499,-0.0001345,2.071649e-05,-0.2565479,-0.05169343,-9.79325,0,0,45.26781,1,1,7996,3998
3631,48995599,0.0004038657,-7.106656e-05,0.000361192,-0.2544465,-0.05243179,-9.801241,0,0,45.26762,1,1,7996,3998
3638,49015621,9.084327e-05,0.0001800078,0.0006323748,-0.2478499,-0.05275835,-9.797224,0,0,45.26745,1,1,7996,3998
3651,49035590,-9.109842e-05,0.000303385,0.0006501256,-0.2458749,-0.05508206,-9.791068,0,0,45.26745,1,1,7996,3998
3658,49055582,-0.0002331876,0.0002796915,0.0004628449,-0.2503954,-0.05962704,-9.794579,0,0,45.26745,1,1,7996,3998
3665,49075674,-0.0002436685,0.0003010191,0.0001283299,-0.25594,-0.05991059,-9.810075,0,0,45.26745,1,1,7996,3998
3674,49095568,-0.000308657,0.0003534683,-0.0001371918,-0.2547723,-0.05627073,-9.812063,0,0,45.26745,1,1,7996,3998
3682,49115679,-0.0003810518,0.0001984393,-0.0001689745,-0.2533763,-0.05153859,-9.816738,0,0,45.2675,1,1,7996,3998
3695,49135600,-0.0002800266,1.929629e-05,5.105706e-05,-0.2519283,-0.04559135,-9.811468,0,0,45.2677,1,1,7996,3998
3702,49155582,-5.598655e-05,-0.0001059656,0.000330323,-0.2490402,-0.04264763,-9.803209,0,0,45.2677,1,1,7996,3998
3711,49175632,8.880153e-05,-0.0002617651,0.0006174223,-0.2522749,-0.0492816,-9.802013,0,0,45.2677,1,1,7996,3998
3718,49195616,0.0001797443,-0.0003128405,0.0008960767,-0.2532545,-0.04715402,-9.790461,0,0,45.26787,1,1,7996,3998
3725,49215653,0.0001807177,-0.0003747839,0.0009606049,-0.250641,-0.05120229,-9.791525,0,0,45.26847,1,1,7996,3998
3738,49235525,0.0001006131,-0.0005082967,0.001003393,-0.2535701,-0.04725755,-9.794862,0,0,45.26877,1,1,7996,3998
3745,49255604,0.0001231975,-0.0004639,0.001094893,-0.2556949,-0.04603649,-9.807996,0,0,45.2691,1,1,7996,3998
3752,49275595,0.0001802933,-0.0003708009,0.001215306,-0.2568873,-0.0473185,-9.80108,0,0,45.26967,1,1,7996,3998
3761,49295683,0.0002960222,-0.0002764312,0.001086689,-0.2597795,-0.04399514,-9.792049,0,0,45.27007,1,1,7996,3998
3768,49315609,0.0001302425,-0.0002976139,0.000974099,-0.2599818,-0.03598528,-9.790998,0,0,45.27085,1,1,7996,3998
3781,49335583,-9.465748e-05,-0.000351398,0.0006948946,-0.257503,-0.04141057,-9.796179,0,0,45.27177,1,1,7996,3998
3788,49355604,-0.0002209831,-0.0002896266,0.0004944663,-0.2550651,-0.0516408,-9.796401,0,0,45.27298,1,1,7996,3998
3797,49375545,-0.0002219286,-1.166677e-07,0.0004584229,-0.2616445,-0.05714962,-9.795839,0,0,45.27403,1,1,7996,3998
3804,49395614,-0.0003407281,0.0002100097,0.0004366239,-0.2622347,-0.05557822,-9.797919,0,0,45.27464,1,1,7996,3998
3812,49415677,-0.0003689215,0.0002016887,0.0001744038,-0.2541245,-0.05296928,-9.792517,0,0,45.27503,1,1,7996,3998
3825,49435600,-0.0002669895,0.0002173177,8.320947e-05,-0.249777,-0.0529939,-9.78288,0,0,45.2746,1,1,7996,3998
3832,49455591,-3.94417e-05,0.0002030832,-4.919923e-05,-0.2494051,-0.05974995,-9.77905,0,0,45.27493,1,1,7996,3998
3839,49475606,-1.969845e-05,0.0001279971,-6.00464e-05,-0.2551384,-0.06304096,-9.783197,0,0,45.27547,1,1,7996,3998
3848,49495636,6.118854e-05,-3.773901e-05,-3.121899e-05,-0.2538854,-0.06107838,-9.792827,0,0,45.27602,1,1,7996,3998
3855,49515726,0.0002098992,-0.0002138836,4.125611e-05,-0.2542778,-0.0521532,-9.794032,0,0,45.2758,1,1,7996,3998
3868,49535623,0.0001919156,-0.0002488391,0.0001204858,-0.2558769,-0.05358546,-9.80082,0,0,45.27591,1,1,7996,3998
3875,49555587,0.0003953723,-0.0002624573,0.0002069194,-0.2603202,-0.05278217,-9.799129,0,0,45.27586,1,1,7996,3998
3884,49575610,0.000425677,-0.0001819403,0.0002592084,-0.2599019,-0.05581518,-9.800022,0,0,45.27589,1,1,7996,3998
3891,49595541,0.000292069,6.870479e-05,0.0002819796,-0.2578253,-0.05685326,-9.801644,0,0,45.27577,1,1,7996,3998
3898,49615684,0.0001853356,0.0001340671,0.0003032655,-0.2591746,-0.05573517,-9.797176,0,0,45.27593,1,1,7996,3998
3911,49635579,0.0001071053,3.568641e-05,0.0004233764,-0.2597165,-0.05189812,-9.78826,0,0,45.27574,1,1,7996,3998
3918,49655570,0.0001004558,-7.997264e-05,0.0003886602,-0.2576326,-0.0491275,-9.78775,0,0,45.27602,1,1,7996,3998
3925,49675590,-5.030012e-05,-3.297587e-05,0.0002540152,-0.2577167,-0.04840248,-9.799314,0,0,45.27582,1,1,7996,3998
3934,49695591,-0.0001110737,3.121729e-05,0.0001924305,-0.2555514,-0.0545434,-9.808497,0,0,45.27581,1,1,7996,3998
3941,49715662,-8.572941e-05,6.249324e-05,0.0002056846,-0.2548252,-0.0546087,-9.796181,0,0,45.27598,1,1,7996,3998
3954,49735593,9.598511e-06,6.213133e-05,0.0001880084,-0.245506,-0.048548,-9.785625,0,0,45.276,1,1,7996,3998
3961,49755624,0.0001171387,1.245406e-06,0.0001766013,-0.2425673,-0.04959117,-9.785602,0,0,45.27579,1,1,7996,3998
3970,49775615,0.0002283559,-0.0001367054,0.000181807,-0.2529857,-0.04653535,-9.789143,0,0,45.27594,1,1,7996,3998
3977,49795622,0.0002755257,-0.0003864477,0.0002125567,-0.2528743,-0.04435124,-9.779796,0,0,45.2758,1,1,7996,3998
3984,49815680,0.0003301131,-0.0006142531,0.0005313281,-0.2460957,-0.04431386,-9.77951,0,0,45.27582,1,1,7996,3998
3997,49835652,0.0001836931,-0.0006756485,0.0006997783,-0.2491486,-0.05158058,-9.796162,0,0,45.27609,1,1,7996,3998
4004,49855567,-4.977343e-05,-0.0004505118,0.0007240294,-0.2555746,-0.05736537,-9.797855,0,0,45.27563,1,1,7996,3998
4011,49875538,-0.0003324994,-0.000263256,0.0006233245,-0.2550981,-0.05691481,-9.801199,0,0,45.27563,1,1,7996,3998
4020,49895595,-0.0003802753,-9.894927e-05,0.0005099099,-0.2549076,-0.05127464,-9.800406,0,0,45.27548,1,1,7996,3998
4030,49915694,-0.0003266271,2.044733e-05,0.0004643344,-0.2537772,-0.04524244,-9.791687,0,0,45.27485,1,1,7996,3998
4043,49935597,-0.0003555798,0.0001587984,0.0004907493,-0.2582994,-0.04902346,-9.784758,0,0,45.27441,1,1,7996,3998
4050,49955658,-0.0004882727,0.0002846062,0.0004023684,-0.259351,-0.05393239,-9.791276,0,0,45.27422,1,1,7996,3998
4057,49975604,-0.0004920905,0.0003440129,0.0003462526,-0.2544647,-0.05347422,-9.783546,0,0,45.27402,1,1,7996,3998
4066,49995592,-0.0003066851,0.0005318382,5.232634e-05,-0.2511418,-0.04869283,-9.791444,0,0,45.2736,1,1,7996,3998
4074,50015596,7.276251e-05,0.0005474299,-0.0002833917,-0.2556265,-0.04743776,-9.801048,0,0,45.27366,1,1,7996,3998
4087,50035601,0.0002290427,0.000501096,-0.0003899567,-0.2576411,-0.0496286,-9.80112,0,0,45.27377,1,1,7996,3998
4094,50055614,9.994459e-05,0.0003975502,-0.0003117939,-0.2618461,-0.05212655,-9.796633,0,0,45.27369,1,1,7996,3998
4101,50075593,-4.06845e-05,0.0002876972,-0.0002128198,-0.2592053,-0.06367698,-9.805368,0,0,45.27355,1,1,7996,3998
4110,50095633,-9.296314e-05,0.0004334797,-8.675794e-05,-0.2621678,-0.05773048,-9.811602,0,0,45.27397,1,1,7996,3998
4121,50115677,-0.0002632881,0.0004072735,2.143325e-05,-0.2565061,-0.05024101,-9.806778,0,0,45.27397,1,1,7996,3998
4134,50135565,-0.000321612,0.0004596666,7.316185e-05,-0.261337,-0.05418408,-9.792374,0,0,45.27411,1,1,7996,3998
4141,50155547,-0.0002382276,0.0005241275,6.478278e-05,-0.2635543,-0.06024314,-9.784306,0,0,45.2743,1,1,7996,3998
4150,50175643,-0.00025075,0.0005638174,7.810026e-05,-0.2629872,-0.05964961,-9.789326,0,0,45.2745,1,1,7996,3998
4157,50195610,-0.0003715119,0.0004264236,9.67502e-05,-0.2618802,-0.05865625,-9.797619,0,0,45.27433,1,1,7996,3998
4164,50215662,-0.0004769902,0.0002977545,4.230425e-06,-0.2623762,-0.04551916,-9.796492,0,0,45.27394,1,1,7996,3998
4177,50235571,-0.0005699921,0.0001681579,6.45474e-05,-0.2592196,-0.04155763,-9.787329,0,0,45.27364,1,1,7996,3998
4184,50255573,-0.0005737005,-4.050366e-05,0.0001698331,-0.2520071,-0.04269106,-9.78015,0,0,45.27379,1,1,7996,3998
4191,50275583,-0.0005186676,-0.0001992653,0.0004152532,-0.2523697,-0.04840723,-9.785215,0,0,45.27351,1,1,7996,3998
4200,50295573,-0.0003988618,-0.0002929272,0.0005684848,-0.2486332,-0.04825219,-9.804765,0,0,45.27383,1,1,7996,3998
4207,50315675,-0.0001679208,-0.0003646933,0.0005657237,-0.243537,-0.04814831,-9.807776,0,0,45.2738,1,1,7996,3998
4222,50335594,6.986383e-05,-0.0003762111,0.0005320586,-0.2467656,-0.05561076,-9.804266,0,0,45.27329,1,1,7996,3998
4229,50355615,0.0002146339,-0.0003073037,0.000437239,-0.253747,-0.05828929,-9.797832,0,0,45.2729,1,1,7996,3998
4236,50375573,0.0001492115,-0.0002617899,0.0002005529,-0.2556665,-0.05456141,-9.797037,0,0,45.27237,1,1,7996,3998
4245,50395693,7.559939e-05,-0.0001372956,0.0002141605,-0.2579088,-0.05818551,-9.797985,0,0,45.27278,1,1,7996,3998
4252,50415685,4.500129e-05,1.419209e-05,0.0002697606,-0.2530397,-0.05805245,-9.78443,0,0,45.27244,1,1,7996,3998
4266,50435630,4.370615e-05,0.0001876759,0.0004253185,-0.2535987,-0.05554779,-9.791943,0,0,45.27256,1,1,7996,3998
4273,50455601,0.000116259,0.0002407845,0.00042983,-0.2569543,-0.05363793,-9.794785,0,0,45.27258,1,1,7996,3998
4280,50475586,1.378789e-05,0.000345814,0.0005830464,-0.2574497,-0.04742881,-9.791717,0,0,45.27244,1,1,7996,3998
4289,50495602,-0.0002213943,0.0004042366,0.0007271208,-0.2589336,-0.04627722,-9.797812,0,0,45.27269,1,1,7996,3998
4296,50515579,-0.0003752342,0.0003277603,0.0008524696,-0.2529133,-0.04665009,-9.802502,0,0,45.27258,1,1,7996,3998
4309,50535606,-0.00048238,0.0001660902,0.0006639677,-0.251242,-0.04521095,-9.800993,0,0,45.27242,1,1,7996,3998
4316,50555591,-0.0005696188,6.556848e-05,0.0003902023,-0.2623546,-0.04202101,-9.788239,0,0,45.27265,1,1,7996,3998
4325,50575623,-0.000441474,0.0001827887,0.0002710738,-0.2631493,-0.04167555,-9.789014,0,0,45.2734,1,1,7996,3998
4332,50595591,-0.0002396716,0.0003204263,0.0002566267,-0.2663305,-0.04743724,-9.789314,0,0,45.27443,1,1,7996,3998
4339,50615984,-0.000210033,0.0004533576,0.000190359,-0.2626939,-0.04894362,-9.785664,0,0,45.27555,1,1,7996,3998
4352,50635607,-0.0001614148,0.0005024869,6.417482e-06,-0.2532686,-0.05441597,-9.794743,0,0,45.27644,1,1,7996,3998
4359,50655553,-0.000101199,0.000598655,2.081655e-05,-0.2535434,-0.0495357,-9.788696,0,0,45.27706,1,1,7996,3998
4366,50675594,4.383048e-05,0.0006761169,7.15402e-05,-0.2532526,-0.05068852,-9.794991,0,0,45.2779,1,1,7996,3998
4375,50695639,0.0001899545,0.0005949449,-0.0001382264,-0.2550582,-0.04951312,-9.808623,0,0,45.2785,1,1,7996,3998
4382,50715734,0.0001633031,0.0006508416,-0.0002728622,-0.2576052,-0.05147772,-9.803587,0,0,45.27879,1,1,7996,3998
4396,50735540,-4.470075e-06,0.0004681896,-0.0001488723,-0.2512054,-0.05152262,-9.803765,0,0,45.27917,1,1,7996,3998
4403,50755602,-0.0002701182,0.0004024351,-7.656909e-05,-0.2466038,-0.05394242,-9.80118,0,0,45.27934,1,1,7996,3998
4410,50775606,-0.0002208475,0.0003289105,5.983967e-05,-0.2522347,-0.05631967,-9.799616,0,0,45.27897,1,1,7996,3998
4419,50795558,-0.0001598921,0.0002282318,0.0001632636,-0.2615856,-0.0540693,-9.800169,0,0,45.2795,1,1,7996,3998
4426,50815675,-0.0001647592,0.0003162687,0.0001574108,-0.2643903,-0.04222909,-9.784796,0,0,45.27896,1,1,7996,3998
4439,50835683,-8.492223e-05,0.0004307487,2.740781e-05,-0.2633456,-0.04094636,-9.780695,0,0,45.27848,1,1,7996,3998
4446,50855623,-2.972313e-05,0.0004434108,2.986935e-05,-0.2603197,-0.05501675,-9.788913,0,0,45.27783,1,1,7996,3998
4455,50875553,8.503534e-05,0.0005129316,0.0001615954,-0.2544917,-0.05371916,-9.794957,0,0,45.27705,1,1,7996,3998
4462,50895606,0.0001832226,0.0003439112,0.0002026232,-0.2481916,-0.04997365,-9.798018,0,0,45.27637,1,1,7996,3998
4469,50915626,0.0001604896,0.0001431584,0.0001037977,-0.2500736,-0.04839153,-9.796742,0,0,45.27563,1,1,7996,3998
4485,50935612,0.0001105398,-1.146041e-05,0.0001736025,-0.253329,-0.04819978,-9.783265,0,0,45.27514,1,1,7996,3998
4492,50955601,-6.754081e-07,-9.923167e-05,0.0002537917,-0.2604661,-0.04807227,-9.785542,0,0,45.27447,1,1,7996,3998
4501,50975670,4.482815e-07,-0.00021844,0.0002898333,-0.2653682,-0.04861195,-9.79093,0,0,45.27407,1,1,7996,3998
4508,50995629,-1.716882e-05,-0.0002031746,0.0002599822,-0.260703,-0.047428,-9.801441,0,0,45.27357,1,1,7996,3998
4515,51015619,-5.442149e-05,-3.568268e-05,0.0001408541,-0.2510964,-0.04543586,-9.797146,0,0,45.27294,1,1,7996,3998
4529,51035603,2.576812e-05,0.0001197602,-6.259091e-06,-0.2523903,-0.05146626,-9.790089,0,0,45.27197,1,1,7996,3998
4536,51055647,3.648933e-05,0.000180841,4.217627e-05,-0.2551107,-0.06052944,-9.791473,0,0,45.27088,1,1,7996,3998
4543,51075610,-0.0002016235,-5.879435e-05,0.0001197398,-0.2528906,-0.05258044,-9.784915,0,0,45.26994,1,1,7996,3998
4552,51095583,-0.0003991103,-0.0003104816,5.218969e-05,-0.2513207,-0.05478477,-9.778844,0,0,45.26925,1,1,7996,3998
4560,51115673,-0.0004489662,-0.0003816338,-0.0001844201,-0.2552688,-0.05856892,-9.795632,0,0,45.26886,1,1,7996,3998
4573,51135587,-0.0003885835,-0.0003089689,-0.0003953815,-0.2571825,-0.05424296,-9.801619,0,0,45.26867,1,1,7996,3998
4580,51155540,-0.000231954,-0.0001729655,-0.0004855199,-0.2561974,-0.05537141,-9.798994,0,0,45.26847,1,1,7996,3998
4587,51175601,-0.0003434385,-4.394344e-05,-0.0003468901,-0.2566614,-0.05583638,-9.784195,0,0,45.26805,1,1,7996,3998
4596,51195592,-0.0003422054,5.824359e-05,-0.0001790238,-0.2585974,-0.05059509,-9.785611,0,0,45.26817,1,1,7996,3998
4603,51215659,-0.000134857,0.0001995226,3.372734e-05,-0.2562894,-0.05234432,-9.781809,0,0,45.26809,1,1,7996,3998
4616,51235582,0.0001954321,7.961261e-05,0.0001565997,-0.2460714,-0.05377746,-9.784185,0,0,45.26807,1,1,7996,3998
4623,51255635,0.0002955227,-8.152172e-05,0.0001976075,-0.2496291,-0.05148783,-9.787142,0,0,45.26857,1,1,7996,3998
4630,51275675,0.0001245775,-0.0001382506,0.0001786585,-0.2527997,-0.05150596,-9.793226,0,0,45.2691,1,1,7996,3998
4639,51295590,-9.8733e-05,-2.815024e-05,2.071842e-05,-0.2526036,-0.05614741,-9.79896,0,0,45.26987,1,1,7996,3998
4646,51315688,-0.0002630641,0.0001603278,0.0001362962,-0.2525609,-0.04809503,-9.793444,0,0,45.27059,1,1,7996,3998
4659,51335636,-0.0001479206,0.0002120064,0.0002413667,-0.2429083,-0.05352088,-9.797702,0,0,45.27072,1,1,7996,3998
4666,51355602,-0.0002071092,0.0002833071,0.0002063592,-0.2458715,-0.05402642,-9.799627,0,0,45.27082,1,1,7996,3998
4673,51375531,-0.0003702267,0.0003599658,0.0001012562,-0.2472415,-0.04704402,-9.801176,0,0,45.27092,1,1,7996,3998
4682,51395611,-0.0003632634,0.0001631824,-3.673703e-05,-0.2476127,-0.04942775,-9.802692,0,0,45.27102,1,1,7996,3998
4689,51415649,-0.0002288067,-0.0001284117,-0.0002382221,-0.2531117,-0.05284799,-9.787975,0,0,45.27111,1,1,7996,3998
4702,51435587,-8.635077e-05,-0.0002506,-0.0002841089,-0.2549608,-0.05277447,-9.779517,0,0,45.27122,1,1,7996,3998
4710,51455597,1.262599e-05,-0.000382809,-8.670686e-05,-0.257368,-0.04930708,-9.791361,0,0,45.27186,1,1,7996,3998
4717,51475599,0.0001385488,-0.000321687,0.0001972905,-0.2617103,-0.05384859,-9.796366,0,0,45.27236,1,1,7996,3998
4726,51495701,0.0001926909,-0.0002391937,0.0003411682,-0.2590671,-0.05881071,-9.797482,0,0,45.27283,1,1,7996,3998
4733,51515638,7.176109e-05,-0.0002650183,0.0003979121,-0.254433,-0.05308228,-9.788535,0,0,45.27239,1,1,7996,3998
4746,51535569,-5.161255e-05,-0.000371202,0.0004415705,-0.2485937,-0.05230039,-9.784786,0,0,45.27277,1,1,7996,3998
4753,51555642,-4.259843e-05,-0.0004023498,0.0002918669,-0.2538113,-0.05886062,-9.800415,0,0,45.27253,1,1,7996,3998
4760,51575607,6.42249e-06,-0.0004024524,8.613634e-05,-0.2589157,-0.05746243,-9.802049,0,0,45.27304,1,1,7996,3998
4769,51595621,0.0001537659,-0.0002756483,-8.709059e-05,-0.2535948,-0.05096086,-9.804003,0,0,45.27351,1,1,7996,3998
4776,51615689,0.00029685,-7.678873e-05,-0.0001293037,-0.2551309,-0.05321582,-9.800226,0,0,45.27372,1,1,7996,3998
4789,51635628,0.0003592771,0.0001740638,-5.786944e-05,-0.2580625,-0.05458304,-9.792606,0,0,45.27367,1,1,7996,3998
4796,51655547,0.0003304319,0.0002923619,-5.478688e-05,-0.2579654,-0.04936136,-9.797582,0,0,45.27327,1,1,7996,3998
4803,51675602,0.0002987478,0.0001976809,-7.571137e-05,-0.2578617,-0.05277654,-9.795952,0,0,45.27288,1,1,7996,3998
4812,51695613,0.0001002724,5.548307e-05,-0.0001596689,-0.2543109,-0.05726293,-9.802716,0,0,45.27228,1,1,7996,3998
4819,51715726,-0.0002544518,0.0001081215,-0.0002768876,-0.2547363,-0.05350313,-9.808065,0,0,45.27179,1,1,7996,3998
4832,51735601,-0.0005737927,0.0001810556,-0.0003216001,-0.2529081,-0.04584019,-9.799091,0,0,45.27103,1,1,7996,3998
4839,51755560,-0.0006700329,0.000268182,-0.0002422114,-0.2581906,-0.04290406,-9.792595,0,0,45.27026,1,1,7996,3998
4846,51775615,-0.0007297793,0.0001940098,-0.0002285239,-0.2653258,-0.05017726,-9.791452,0,0,45.27026,1,1,7996,3998
4855,51795551,-0.0006416386,5.923617e-05,-0.0001453341,-0.2665657,-0.05523985,-9.797422,0,0,45.27046,1,1,7996,3998
4862,51815663,-0.0005012515,-5.413625e-05,-0.0001875231,-0.2651343,-0.05402525,-9.799089,0,0,45.27034,1,1,7996,3998
4875,51835640,-0.0004267285,-0.0001208894,-8.060921e-05,-0.2584022,-0.05365941,-9.794601,0,0,45.27052,1,1,7996,3998
4882,51855594,-0.0003563174,-0.0001755737,3.573493e-05,-0.2535911,-0.06165443,-9.794519,0,0,45.26987,1,1,7996,3998
4889,51875613,-0.0002276756,-1.07181e-05,0.0001634977,-0.2551138,-0.05859526,-9.793945,0,0,45.26923,1,1,7996,3998
4898,51895628,-6.621976e-06,3.546204e-05,0.00047276,-0.2576433,-0.05211231,-9.799081,0,0,45.26886,1,1,7996,3998
4905,51915686,0.0001647446,8.005217e-05,0.0005906845,-0.2575634,-0.04670561,-9.806967,0,0,45.26867,1,1,7996,3998
4918,51935606,0.0001271656,-7.928359e-06,0.0004880638,-0.2563617,-0.05130263,-9.8059,0,0,45.26847,1,1,7996,3998
4928,51955566,7.74951e-05,-4.202147e-05,0.000301556,-0.2613139,-0.05832292,-9.793386,0,0,45.26809,1,1,7996,3998
4935,51975587,-9.279236e-06,0.0001266413,0.0001942555,-0.2575258,-0.05588147,-9.78686,0,0,45.26821,1,1,7996,3998
4944,51995595,2.295334e-05,0.000243007,-1.826923e-05,-0.2503219,-0.05768897,-9.786656,0,0,45.26815,1,1,7996,3998
4951,52015651,0.0002253651,0.0002570109,-0.0003170429,-0.2579634,-0.05345766,-9.790651,0,0,45.26804,1,1,7996,3998
4964,52035567,0.0001664519,0.0002515361,-0.0003742294,-0.2533166,-0.04854168,-9.791892,0,0,45.2685,1,1,7996,3998
4972,52055615,5.747031e-05,0.0002799613,-0.0002188196,-0.2564754,-0.05131321,-9.788327,0,0,45.2687,1,1,7996,3998
4979,52075569,-0.0002032038,0.0003948595,-7.314205e-05,-0.2523376,-0.05398808,-9.790102,0,0,45.26889,1,1,7996,3998
4988,52095622,-0.0002190317,0.0004029546,8.780494e-05,-0.2533022,-0.06065667,-9.784895,0,0,45.26884,1,1,7996,3998
4996,52115687,-0.000134825,0.0003128252,0.0001890248,-0.2537522,-0.06347726,-9.783259,0,0,45.26865,1,1,7996,3998
5009,52135582,-2.121681e-05,0.0001365125,0.0001580392,-0.2532622,-0.05563622,-9.801155,0,0,45.26845,1,1,7996,3998
5016,52155648,0.0001408425,8.933216e-05,0.0001927157,-0.252811,-0.06038883,-9.797039,0,0,45.26818,1,1,7996,3998
5023,52175605,0.0002190278,6.47041e-05,5.77406e-05,-0.2504678,-0.05916364,-9.792683,0,0,45.2681,1,1,7996,3998
5032,52195611,0.0002771725,8.208011e-05,-3.344905e-05,-0.2515539,-0.06020148,-9.794013,0,0,45.26825,1,1,7996,3998
5039,52215645,0.0001999637,1.042472e-05,-0.0001154174,-0.2488098,-0.05424263,-9.796546,0,0,45.26797,1,1,7996,3998
5052,52235647,0.0001330559,-0.0002218672,-8.943638e-05,-0.2526788,-0.04803467,-9.788004,0,0,45.26824,1,1,7996,3998
5059,52255573,0.0001054608,-0.000415075,-5.673207e-05,-0.252674,-0.05561589,-9.799442,0,0,45.26813,1,1,7996,3998
5068,52275592,6.339025e-05,-0.0005854541,-0.0001230255,-0.254387,-0.06185722,-9.800357,0,0,45.2682,1,1,7996,3998
5075,52295563,-0.0001886213,-0.0006784049,-0.0001723667,-0.2551203,-0.05723634,-9.804285,0,0,45.26808,1,1,7996,3998
5082,52315671,-0.0005128626,-0.0006004862,-0.0001968351,-0.2529546,-0.05006284,-9.801589,0,0,45.2681,1,1,7996,3998
5095,52335593,-0.0006878366,-0.0004399078,-0.0002797401,-0.2580379,-0.04524785,-9.791382,0,0,45.26833,1,1,7996,3998
5102,52355576,-0.0006250226,-0.0001644378,-0.0003201503,-0.2604394,-0.04645924,-9.793186,0,0,45.26807,1,1,7996,3998
5111,52375665,-0.0004764867,0.0001329093,-0.0003800947,-0.2534344,-0.04629741,-9.794136,0,0,45.26814,1,1,7996,3998
5118,52395615,-0.0003106973,0.0003809339,-0.0005341288,-0.2556589,-0.04463648,-9.797837,0,0,45.26812,1,1,7996,3998
5125,52415639,-0.0003131644,0.0002817851,-0.0004676999,-0.2552012,-0.05450923,-9.815998,0,0,45.26822,1,1,7996,3998
5138,52435526,-0.0002851695,0.0002643726,-0.0003147154,-0.2532908,-0.05440836,-9.812706,0,0,45.26795,1,1,7996,3998
5145,52455597,-0.0003393686,0.000190414,-8.383704e-05,-0.2533469,-0.04553558,-9.802303,0,0,45.26819,1,1,7996,3998
5155,52475625,-0.0003312747,-1.71138e-05,0.0001781354,-0.2533943,-0.04326045,-9.805744,0,0,45.2683,1,1,7996,3998
5162,52495578,-0.0001928379,-0.0001288104,0.0001662909,-0.2510393,-0.04718434,-9.7999,0,0,45.2679,1,1,7996,3998
5169,52515639,-8.227665e-05,-0.0002694988,0.000284003,-0.2591361,-0.04896016,-9.790904,0,0,45.26829,1,1,7996,3998
5182,52535581,-0.0001004703,-0.0001562538,0.0002668717,-0.2582959,-0.04865868,-9.788482,0,0,45.26807,1,1,7996,3998
5189,52555589,-0.0001777898,-7.900654e-05,0.000151287,-0.2585014,-0.0554436,-9.791678,0,0,45.26843,1,1,7996,3998
5196,52575444,-0.0001792364,-3.485192e-05,-3.029336e-05,-0.2541701,-0.06163383,-9.793513,0,0,45.26874,1,1,7996,3998
5205,52595704,-0.0001572132,-1.722015e-06,-0.0002124087,-0.2568601,-0.05863464,-9.787721,0,0,45.26925,1,1,7996,3998
5212,52615642,-0.0001843981,-0.0001480594,-0.0003512789,-0.2606393,-0.05174391,-9.796404,0,0,45.26992,1,1,7996,3998
5225,52635593,-0.0001334001,-0.0003462381,-0.0003639417,-0.266129,-0.05257587,-9.802153,0,0,45.27051,1,1,7996,3998
5232,52655523,-0.0001664973,-0.0005049891,-0.0002667925,-0.2643829,-0.05398921,-9.795357,0,0,45.27044,1,1,7996,3998
5241,52675593,-0.0001187421,-0.0005100188,-0.0002170918,-0.2571777,-0.04401488,-9.791286,0,0,45.2701,1,1,7996,3998
5248,52695592,-0.0001385929,-0.0003650599,2.799214e-05,-0.2601618,-0.0559338,-9.793681,0,0,45.27061,1,1,7996,3998
5255,52715675,-0.0002217181,-0.0001075245,0.0001345966,-0.2578919,-0.05408624,-9.806326,0,0,45.27087,1,1,7996,3998
5268,52735617,-0.0002432567,4.491692e-05,0.0001251647,-0.2517442,-0.04504792,-9.805512,0,0,45.27174,1,1,7996,3998
5275,52755620,-0.0001425427,0.0001077689,0.0001340099,-0.2539544,-0.04227866,-9.806477,0,0,45.27234,1,1,7996,3998
5284,52775640,5.407898e-05,9.36985e-05,0.0001521526,-0.2550175,-0.04277103,-9.800604,0,0,45.27286,1,1,7996,3998
5291,52795520,0.0001913982,8.646704e-05,6.052566e-05,-0.2609419,-0.04647794,-9.798102,0,0,45.27303,1,1,7996,3998
5298,52815758,0.0003137257,0.0001166596,-0.0001967114,-0.2607018,-0.04820539,-9.798366,0,0,45.27322,1,1,7996,3998
5311,52835585,0.0003192296,7.763327e-05,-0.0002217055,-0.2625251,-0.04903537,-9.794512,0,0,45.27342,1,1,7996,3998
5318,52855605,0.0001909452,9.831847e-06,-0.0002258483,-0.2609275,-0.04347664,-9.794176,0,0,45.27388,1,1,7996,3998
5327,52875590,3.369863e-05,-0.0001534694,-0.0001232842,-0.2608148,-0.05283147,-9.804492,0,0,45.2734,1,1,7996,3998
5334,52895577,3.73533e-06,-0.0001450457,-6.166685e-05,-0.2647851,-0.04870047,-9.797429,0,0,45.2732,1,1,7996,3998
5341,52915677,-2.342975e-05,-4.658084e-05,0.0001246948,-0.2613096,-0.04641741,-9.798491,0,0,45.27301,1,1,7996,3998
5354,52935542,-0.0001613719,-7.52997e-05,0.000227149,-0.2565666,-0.05175425,-9.794233,0,0,45.27278,1,1,7996,3998
5361,52955579,-0.0003141519,-0.0001356741,0.0003219704,-0.2556204,-0.05109877,-9.79174,0,0,45.27234,1,1,7996,3998
5371,52975596,-0.000445601,4.271976e-05,0.0001940532,-0.2573346,-0.05276728,-9.792246,0,0,45.27281,1,1,7996,3998
5380,52995591,-0.0005365872,0.0001515344,-6.200247e-05,-0.2580415,-0.04773194,-9.78807,0,0,45.27258,1,1,7996,3998
5387,53015647,-0.0005641881,0.0001144276,-0.0001712864,-0.2632434,-0.04130847,-9.787277,0,0,45.27256,1,1,7996,3998
5400,53035707,-0.0004840817,0.0001783276,-0.0001633284,-0.2658855,-0.04584577,-9.795259,0,0,45.27273,1,1,7996,3998
5407,53055655,-0.0003565899,0.000136705,-3.148304e-05,-0.2569435,-0.05229788,-9.809401,0,0,45.27258,1,1,7996,3998
5417,53075620,-0.0002066398,-1.343554e-05,9.772203e-05,-0.2570435,-0.04653033,-9.803913,0,0,45.27273,1,1,7996,3998
5424,53095647,-9.309658e-05,-2.77721e-05,0.000101531,-0.255362,-0.04485163,-9.804726,0,0,45.27254,1,1,7996,3998
5432,53115661,0.0001194327,-3.894219e-05,-1.523955e-05,-0.2543558,-0.05726342,-9.798175,0,0,45.27276,1,1,7996,3998
5445,53135621,0.0003047556,3.832447e-05,5.889913e-05,-0.2556672,-0.06055967,-9.791389,0,0,45.27252,1,1,7996,3998
5452,53155538,0.0002654231,0.0002034528,0.0001618441,-0.255896,-0.05686212,-9.797156,0,0,45.27252,1,1,7996,3998
5459,53175587,0.0001992815,0.0003329369,0.00020058,-0.2554846,-0.0604188,-9.800635,0,0,45.27258,1,1,7996,3998
5468,53195588,0.0001141519,0.000376382,0.0002442176,-0.2572659,-0.06109876,-9.803665,0,0,45.27289,1,1,7996,3998
5475,53215634,9.977396e-05,0.0004611595,8.195279e-05,-0.2530828,-0.05672583,-9.804092,0,0,45.27338,1,1,7996,3998
5488,53235583,0.0001259171,0.0003333346,0.0001615049,-0.2548323,-0.053846,-9.809583,0,0,45.2744,1,1,7996,3998
5495,53255716,-2.0723e-05,0.0002787552,0.0002190255,-0.2591909,-0.04998404,-9.805603,0,0,45.27573,1,1,7996,3998
5504,53275608,-0.0001993241,0.0002426612,0.0002184951,-0.2504665,-0.05342752,-9.789859,0,0,45.27627,1,1,7996,3998
5511,53295474,-0.0001902638,0.0003056146,0.0001875203,-0.2530642,-0.05295296,-9.788444,0,0,45.27654,1,1,7996,3998
5518,53315636,-4.723966e-05,0.0004235137,5.27203e-05,-0.2549233,-0.04570438,-9.790722,0,0,45.27705,1,1,7996,3998
5531,53335607,0.0002183048,0.000353084,5.158702e-05,-0.2621529,-0.04824255,-9.793913,0,0,45.27758,1,1,7996,3998
5538,53355620,0.0001616511,0.0002990554,5.829239e-05,-0.2596149,-0.05178997,-9.791756,0,0,45.27799,1,1,7996,3998
5545,53375586,5.207348e-05,0.0003681881,0.0002096392,-0.2590145,-0.04565971,-9.79896,0,0,45.27833,1,1,7996,3998
5554,53395581,-3.382218e-05,0.0004149196,0.0001887629,-0.2591917,-0.04392492,-9.805442,0,0,45.27772,1,1,7996,3998
5561,53415668,-9.731269e-05,0.0003538715,2.018657e-05,-0.2572159,-0.04659712,-9.793118,0,0,45.27702,1,1,7996,3998
5574,53435530,-6.501895e-05,0.0002908675,-0.000121128,-0.2587391,-0.04820308,-9.793647,0,0,45.2763,1,1,7996,3998
5581,53455596,3.933492e-05,0.0003415799,-0.0002459513,-0.2568708,-0.04730088,-9.793363,0,0,45.27531,1,1,7996,3998
5590,53475671,0.0002034618,0.0002978844,-0.0003727388,-0.2547873,-0.05143932,-9.802718,0,0,45.27419,1,1,7996,3998
5598,53495598,0.000136897,0.000218532,-0.0004045937,-0.2602663,-0.0499473,-9.801515,0,0,45.27342,1,1,7996,3998
5605,53515659,-8.913621e-05,0.0003273724,-0.0003102222,-0.265778,-0.04029737,-9.806052,0,0,45.27321,1,1,7996,3998
5618,53535582,-0.0002465657,0.0004391109,-0.0002365053,-0.2669479,-0.03812249,-9.799549,0,0,45.27302,1,1,7996,3998
5625,53555564,-0.0003655345,0.0006489626,-0.0001369912,-0.2609755,-0.03785045,-9.783661,0,0,45.27296,1,1,7996,3998
5632,53575537,-0.0002066031,0.000784738,-0.0001385655,-0.2578893,-0.04677981,-9.783207,0,0,45.27296,1,1,7996,3998
5641,53595606,-0.0001020009,0.0006732897,-0.0003379801,-0.2553312,-0.05607657,-9.792204,0,0,45.27296,1,1,7996,3998
5648,53615628,-7.750323e-06,0.0004801503,-0.0005123838,-0.2605565,-0.0563701,-9.795185,0,0,45.27296,1,1,7996,3998
5661,53635615,-5.269561e-05,0.0002779589,-0.0005506298,-0.2605774,-0.05317093,-9.789572,0,0,45.27298,1,1,7996,3998
5668,53655620,0.0001301166,0.0002498243,-0.0004150176,-0.2551661,-0.05287779,-9.79554,0,0,45.27317,1,1,7996,3998
5677,53675638,0.0001197955,0.0001899426,-0.0003725921,-0.2531073,-0.05092618,-9.803983,0,0,45.27337,1,1,7996,3998
5684,53695684,9.662917e-06,0.0001740614,-0.0002868286,-0.2561145,-0.04754492,-9.800387,0,0,45.27393,1,1,7996,3998
5691,53715936,-1.356888e-05,7.770801e-05,-0.0001786464,-0.2619129,-0.05102523,-9.796647,0,0,45.27474,1,1,7996,3998
5704,53735572,-2.198116e-05,-4.643428e-05,-7.655405e-06,-0.2605681,-0.05437069,-9.794742,0,0,45.27567,1,1,7996,3998
5711,53755562,8.289202e-05,-0.0001182846,2.067325e-05,-0.2572619,-0.05820368,-9.791595,0,0,45.27613,1,1,7996,3998
5718,53775617,0.0001185574,-0.0001773312,-2.283938e-05,-0.2549959,-0.05328273,-9.800792,0,0,45.27573,1,1,7996,3998
5727,53795549,0.0001780344,-9.07331e-06,-0.0001603535,-0.2540191,-0.05199882,-9.791967,0,0,45.27601,1,1,7996,3998
5734,53815664,0.0002650149,0.0001197522,-0.0001968855,-0.2569818,-0.05090723,-9.795155,0,0,45.27592,1,1,7996,3998
5747,53835574,0.0001706992,0.0002462246,-2.288826e-05,-0.2558446,-0.0573143,-9.796728,0,0,45.2758,1,1,7996,3998
5754,53855557,6.508875e-05,0.0003078993,3.02451e-05,-0.2590554,-0.06015591,-9.788691,0,0,45.27649,1,1,7996,3998
5763,53875593,1.53388e-05,0.00024195,1.667501e-05,-0.256643,-0.054694,-9.793186,0,0,45.27721,1,1,7996,3998
5770,53895606,4.873652e-06,0.0001560654,-0.0001064117,-0.261851,-0.05706869,-9.792866,0,0,45.27763,1,1,7996,3998
5777,53915846,-0.0001540685,0.000175411,-8.311099e-05,-0.2535374,-0.05928003,-9.793594,0,0,45.27814,1,1,7996,3998
5790,53935537,-0.0003806158,0.0001423403,6.888495e-06,-0.2546474,-0.05259804,-9.785647,0,0,45.279,1,1,7996,3998
5797,53955614,-0.0004240511,0.0002488735,4.930644e-05,-0.2559187,-0.04654581,-9.789268,0,0,45.27979,1,1,7996,3998
5804,53975594,-0.0003420099,0.000266408,2.390117e-06,-0.2620246,-0.04387566,-9.790769,0,0,45.28045,1,1,7996,3998
5816,53995615,-0.0002150629,0.0001641982,-0.000121965,-0.2589778,-0.05067582,-9.795677,0,0,45.28044,1,1,7996,3998
5823,54015733,-0.0002299761,0.0002347844,-0.000116264,-0.2554604,-0.05604555,-9.799189,0,0,45.2803,1,1,7996,3998
5836,54035578,-0.0001839054,0.0001471061,5.020098e-05,-0.2508708,-0.05199298,-9.792057,0,0,45.28049,1,1,7996,3998
5843,54055599,-0.0003228634,0.0002246962,0.0001268615,-0.2481388,-0.05320877,-9.787641,0,0,45.28019,1,1,7996,3998
5852,54075573,-0.0004064927,0.0002711779,0.0002297573,-0.2460614,-0.04647722,-9.785347,0,0,45.28049,1,1,7996,3998
5860,54095571,-0.000381025,5.586106e-05,0.0002515822,-0.2525888,-0.04463055,-9.792513,0,0,45.28024,1,1,7996,3998
5868,54115650,-0.0002839892,-0.0002464079,0.0002924205,-0.2539147,-0.0489626,-9.79523,0,0,45.28043,1,1,7996,3998
5881,54135652,-0.0003248676,-0.0002570539,0.0001881387,-0.2581449,-0.05136278,-9.78295,0,0,45.28024,1,1,7996,3998
5888,54155590,-0.0001079335,-3.716159e-05,3.702619e-05,-0.2603432,-0.05037773,-9.785378,0,0,45.28057,1,1,7996,3998
5895,54175595,-5.149364e-05,0.0002322112,8.30096e-06,-0.2565442,-0.05373767,-9.792241,0,0,45.28063,1,1,7996,3998
5904,54195615,-0.0001582997,0.0001852312,-6.305787e-05,-0.2598303,-0.05717557,-9.793164,0,0,45.28075,1,1,7996,3998
5911,54215626,-0.0002083488,0.0001134282,-0.0001312876,-0.2619729,-0.056926,-9.801221,0,0,45.28102,1,1,7996,3998
5924,54235582,-3.663238e-05,0.0001016506,-0.0002228744,-0.2590229,-0.04853638,-9.80143,0,0,45.28156,1,1,7996,3998
5931,54255622,-1.34025e-06,8.870629e-05,-0.000159089,-0.2592888,-0.05090763,-9.799005,0,0,45.28218,1,1,7996,3998
5940,54275623,0.0002172226,7.836229e-05,-6.367928e-05,-0.2572654,-0.04835905,-9.79673,0,0,45.28284,1,1,7996,3998
5947,54295625,0.0005969683,2.147534e-05,5.644645e-05,-0.2612012,-0.04842089,-9.800187,0,0,45.28312,1,1,7996,3998
5954,54315673,0.000726928,-0.000193408,0.0002067872,-0.2570822,-0.04836075,-9.801755,0,0,45.28342,1,1,7996,3998
5967,54335613,0.000497182,-0.0003351286,0.0002181872,-0.2527455,-0.04488694,-9.801634,0,0,45.28404,1,1,7996,3998
5974,54355599,0.0002083913,-0.0002531158,0.0002395708,-0.2549271,-0.05128274,-9.798659,0,0,45.28443,1,1,7996,3998
5981,54375568,9.1353e-06,-0.0002161712,0.0003289113,-0.2584806,-0.0548391,-9.792162,0,0,45.28494,1,1,7996,3998
5990,54395614,-0.0001900926,-0.000145554,0.0004460575,-0.2551342,-0.05337273,-9.79958,0,0,45.28464,1,1,7996,3998
5997,54415630,-0.0004578574,-9.344354e-05,0.0004919555,-0.2515509,-0.05713458,-9.810501,0,0,45.28445,1,1,7996,3998
6010,54435554,-0.0004721885,0.0002156996,0.0003976351,-0.2535875,-0.05226028,-9.815802,0,0,45.28418,1,1,7996,3998
6017,54455580,-0.0004601814,0.0002959578,0.0003841527,-0.2591801,-0.0429911,-9.804977,0,0,45.28384,1,1,7996,3998
6026,54475601,-0.0003504073,0.0003288122,0.0002830938,-0.2580703,-0.03707425,-9.80517,0,0,45.2829,1,1,7996,3998
6033,54495546,-8.208463e-05,0.000251255,0.0001808113,-0.2631294,-0.04341727,-9.814604,0,0,45.28186,1,1,7996,3998
6041,54515680,1.443573e-05,0.0002183257,0.0001454028,-0.2604009,-0.04207602,-9.808228,0,0,45.28087,1,1,7996,3998
6054,54535557,5.479908e-05,0.0003207808,0.0002163697,-0.2548963,-0.03987,-9.815086,0,0,45.28011,1,1,7996,3998
6061,54555580,7.96165e-05,0.0002851339,0.0003533252,-0.2608641,-0.04051257,-9.807504,0,0,45.2805,1,1,7996,3998
6068,54575594,0.0002051564,0.0002187895,0.0002999165,-0.2720726,-0.04614846,-9.802011,0,0,45.28031,1,1,7996,3998
6077,54595560,0.0002600286,0.0002383284,0.000391446,-0.2665512,-0.04986678,-9.808044,0,0,45.28026,1,1,7996,3998
6084,54615609,0.0002601198,0.0002738621,0.0004630504,-0.2589857,-0.04755889,-9.799703,0,0,45.28023,1,1,7996,3998
6097,54635578,0.0002847429,0.0001441123,0.0004747244,-0.255618,-0.05101285,-9.796428,0,0,45.28038,1,1,7996,3998
6104,54655569,0.0004339818,7.247004e-06,0.0003848208,-0.2503108,-0.05730902,-9.807224,0,0,45.28021,1,1,7996,3998
6113,54675578,0.0006167672,-0.0001292033,0.0003369409,-0.2579119,-0.05510917,-9.81051,0,0,45.28046,1,1,7996,3998
6120,54695569,0.0005302333,-7.565368e-05,0.0003150156,-0.2514237,-0.05340977,-9.798039,0,0,45.28007,1,1,7996,3998
6127,54715559,0.0002980993,-9.395925e-05,0.0002413846,-0.2559654,-0.05013378,-9.791197,0,0,45.27961,1,1,7996,3998
6142,54735582,0.0002343409,-5.259169e-05,0.0001560578,-0.260815,-0.04636069,-9.791076,0,0,45.27892,1,1,7996,3998
6149,54755570,0.0001438692,0.0001543476,7.381309e-06,-0.2651196,-0.04962555,-9.800091,0,0,45.27853,1,1,7996,3998
6156,54775552,0.0001652914,0.0001853057,-0.0001494384,-0.2694717,-0.05119915,-9.806093,0,0,45.27791,1,1,7996,3998
6165,54795579,5.374586e-05,0.0002358237,-0.0003607171,-0.2631176,-0.04893428,-9.807719,0,0,45.27703,1,1,7996,3998
6172,54815692,7.296249e-05,0.0002505938,-0.0004358269,-0.2596762,-0.04947513,-9.801766,0,0,45.27625,1,1,7996,3998
6185,54835568,-4.810661e-05,0.0002609277,-0.0002571279,-0.2505208,-0.05115971,-9.79753,0,0,45.27541,1,1,7996,3998
6192,54855441,-0.0001618418,0.0002383346,-5.86715e-05,-0.2525539,-0.05293329,-9.804159,0,0,45.27457,1,1,7996,3998
6201,54875589,-0.0001879976,0.0002378802,0.0002157218,-0.2531962,-0.05482012,-9.79278,0,0,45.27407,1,1,7996,3998
6208,54895565,-0.000110841,0.0002381628,0.0004897881,-0.2531459,-0.04753709,-9.794786,0,0,45.27364,1,1,7996,3998
6215,54915631,0.0001369493,0.0001292383,0.0004924321,-0.2480978,-0.04962993,-9.796297,0,0,45.27376,1,1,7996,3998
6228,54935432,0.000155559,4.920463e-05,0.0002870907,-0.2454471,-0.05083296,-9.795599,0,0,45.27373,1,1,7996,3998
6235,54955575,0.0002003327,6.155944e-05,9.200626e-05,-0.2513076,-0.05159811,-9.791938,0,0,45.27351,1,1,7996,3998
6244,54975550,0.0001123365,9.72823e-05,-8.908932e-05,-0.2571214,-0.04991339,-9.793242,0,0,45.27386,1,1,7996,3998
6251,54995423,-7.28896e-05,8.324144e-05,-6.45537e-05,-0.2522294,-0.05194291,-9.802373,0,0,45.27364,1,1,7996,3998
6261,55015667,-0.0002069117,8.756818e-05,0.0001524292,-0.2541632,-0.04891655,-9.797921,0,0,45.27384,1,1,7996,3998
6274,55035546,-0.0001128337,0.0002513231,0.0005197941,-0.2544236,-0.04397491,-9.793664,0,0,45.27359,1,1,7996,3998
6281,55055550,3.490819e-05,0.0004195103,0.000810407,-0.2517221,-0.03971885,-9.799072,0,0,45.27377,1,1,7996,3998
6290,55075441,0.0001901908,0.0004365924,0.0006514623,-0.2524125,-0.04933924,-9.801479,0,0,45.2737,1,1,7996,3998
6297,55095529,6.181257e-05,0.0004843534,0.0002738174,-0.2542205,-0.05432942,-9.789028,0,0,45.27368,1,1,7996,3998
6306,55115620,-7.828309e-05,0.0004666172,-9.238459e-05,-0.2563382,-0.05615468,-9.796103,0,0,45.27356,1,1,7996,3998
6319,55135583,8.98241e-06,0.0005377441,-0.0002838165,-0.2572169,-0.05443494,-9.797956,0,0,45.27385,1,1,7996,3998
6326,55155544,-0.0001746868,0.0005528106,-0.0002462314,-0.2617614,-0.05216501,-9.794231,0,0,45.27403,1,1,7996,3998
6333,55175566,-0.0003481825,0.0004966047,-5.743239e-05,-0.264031,-0.0492444,-9.797913,0,0,45.27413,1,1,7996,3998
6342,55195549,-0.0003278164,0.0004057863,5.057808e-05,-0.2520839,-0.04748332,-9.805461,0,0,45.27423,1,1,7996,3998
6349,55215451,-0.0002951447,0.0003084163,5.04038e-05,-0.2489774,-0.04641983,-9.803415,0,0,45.27433,1,1,7996,3998
6362,55235666,-0.0001169271,0.0001708083,0.0001510374,-0.259306,-0.05667087,-9.797961,0,0,45.27425,1,1,7996,3998
6369,55255581,-4.755144e-05,3.822758e-05,0.0002507761,-0.2647795,-0.05318309,-9.807772,0,0,45.27415,1,1,7996,3998
6376,55275544,2.895923e-05,8.260382e-05,0.0003870805,-0.2662218,-0.05047714,-9.80241,0,0,45.27406,1,1,7996,3998
6385,55295590,0.0001341078,0.0001515314,0.0004600618,-0.2641195,-0.05030263,-9.791704,0,0,45.27401,1,1,7996,3998
6392,55315610,0.0003384391,2.732789e-05,0.0004375081,-0.2592559,-0.05037593,-9.805339,0,0,45.27414,1,1,7996,3998
6407,55335576,0.0003218782,0.0001011221,0.0004774947,-0.2559967,-0.04633135,-9.801855,0,0,45.27443,1,1,7996,3998
6414,55355518,0.0002870657,0.0001798686,0.0003154044,-0.2587119,-0.04776001,-9.785826,0,0,45.27497,1,1,7996,3998
6421,55375580,0.0001995979,0.0001010032,0.0002263144,-0.2637641,-0.05248886,-9.789806,0,0,45.2748,1,1,7996,3998
6430,55395560,3.285671e-05,0.0001581241,6.039423e-05,-0.2586244,-0.05652765,-9.793231,0,0,45.27491,1,1,7996,3998
6437,55415656,-0.0001326772,0.0001778682,-0.000192516,-0.2617476,-0.05604119,-9.782297,0,0,45.27463,1,1,7996,3998
6450,55435439,-6.233581e-05,0.000166714,-0.0003333137,-0.2707534,-0.0593551,-9.792723,0,0,45.27499,1,1,7996,3998
6457,55455637,-2.746415e-05,0.000153299,-0.0001848561,-0.270288,-0.05612439,-9.793905,0,0,45.27462,1,1,7996,3998
6466,55475577,-1.997362e-05,0.0002548181,9.184945e-06,-0.2653378,-0.04551686,-9.797504,0,0,45.27427,1,1,7996,3998
6473,55495433,0.0001341401,0.0004220489,0.0001837485,-0.258377,-0.04445529,-9.801811,0,0,45.27401,1,1,7996,3998
6480,55515631,0.0003943194,0.0006510551,0.0003009946,-0.2467104,-0.0484267,-9.80083,0,0,45.27369,1,1,7996,3998
6494,55535563,0.000476551,0.0006759728,0.0003693824,-0.2511355,-0.05286202,-9.799641,0,0,45.27371,1,1,7996,3998
6501,55555563,0.0003801362,0.0006614943,0.0004121773,-0.2550052,-0.04834244,-9.792498,0,0,45.27442,1,1,7996,3998
6508,55575529,0.0002283183,0.000560203,0.0004929872,-0.2537123,-0.04326582,-9.793619,0,0,45.27497,1,1,7996,3998
6517,55595601,0.0001212908,0.0003710933,0.0005391575,-0.2628188,-0.04357632,-9.79023,0,0,45.27461,1,1,7996,3998
6524,55615576,0.0001091946,0.0004394459,0.0004329253,-0.2665159,-0.05217475,-9.793092,0,0,45.27493,1,1,7996,3998
6537,55635527,0.0001018635,0.0005427421,0.000331825,-0.2588936,-0.05254516,-9.791761,0,0,45.27539,1,1,7996,3998
6544,55655548,0.000138692,0.0006309595,0.0003088101,-0.2524505,-0.04928482,-9.798497,0,0,45.27588,1,1,7996,3998
6551,55675682,0.0002288323,0.0006773231,0.0003088758,-0.2502765,-0.05187882,-9.796798,0,0,45.27702,1,1,7996,3998
6560,55695581,0.0002457079,0.0004811441,0.0003554383,-0.2534122,-0.04787569,-9.788114,0,0,45.27811,1,1,7996,3998
6567,55715555,0.0002586634,0.0002341453,0.0003935726,-0.2547663,-0.04746849,-9.7925,0,0,45.27874,1,1,7996,3998
6580,55735559,0.0001978605,5.561657e-05,0.000348063,-0.2559291,-0.04566041,-9.805754,0,0,45.27945,1,1,7996,3998
6587,55755560,0.0002956422,-6.244596e-05,0.0002068485,-0.2512988,-0.04114381,-9.800892,0,0,45.27993,1,1,7996,3998
6594,55775565,0.0002405104,7.325866e-05,2.213057e-05,-0.2566335,-0.04812829,-9.797531,0,0,45.28051,1,1,7996,3998
6603,55795594,0.0001007066,0.0001414482,3.24762e-05,-0.255772,-0.05129768,-9.794668,0,0,45.28085,1,1,7996,3998
6610,55815671,5.561446e-05,9.217816e-05,2.666005e-05,-0.2548927,-0.05288351,-9.791758,0,0,45.28115,1,1,7996,3998
6623,55835565,8.350333e-05,-2.65083e-05,8.985995e-05,-0.2492233,-0.05593789,-9.788441,0,0,45.28146,1,1,7996,3998
6630,55855520,0.0002139938,8.428628e-05,8.915542e-05,-0.2550382,-0.04321024,-9.797756,0,0,45.28133,1,1,7996,3998
6637,55875536,0.0004399268,0.0002819148,0.0002073515,-0.2598677,-0.04126572,-9.803986,0,0,45.28151,1,1,7996,3998
6646,55895670,0.0005129236,0.0003010519,0.0004147274,-0.2566816,-0.04493725,-9.789617,0,0,45.28142,1,1,7996,3998
6653,55915617,0.0006783059,0.0002162336,0.0003428226,-0.2565491,-0.04882409,-9.791649,0,0,45.28148,1,1,7996,3998
6666,55935583,0.0007092325,0.0001066592,0.000329393,-0.2544251,-0.04990321,-9.790194,0,0,45.28073,1,1,7996,3998
6673,55955548,0.0007018778,3.423258e-05,0.0001430164,-0.2576238,-0.04879006,-9.796888,0,0,45.27991,1,1,7996,3998
6680,55975588,0.0005721151,0.0001364941,-0.0001645511,-0.2522379,-0.04913518,-9.798149,0,0,45.27892,1,1,7996,3998
6689,55995529,0.000381151,0.0001385342,-0.0004311201,-0.2512326,-0.05482284,-9.796668,0,0,45.27814,1,1,7996,3998
6696,56015670,0.0001095159,0.0002046849,-0.0005456309,-0.2538974,-0.0533082,-9.788295,0,0,45.27802,1,1,7996,3998
6712,56035555,-0.0001034073,0.0002977729,-0.0004537174,-0.2497917,-0.05517285,-9.795435,0,0,45.27824,1,1,7996,3998
6719,56055558,-0.0002966478,0.0003102781,-0.0001603902,-0.2507414,-0.05327253,-9.79904,0,0,45.27803,1,1,7996,3998
6726,56075606,-0.0002555115,0.0001932244,0.0001330521,-0.2510296,-0.05140094,-9.792932,0,0,45.27811,1,1,7996,3998
6735,56095586,-0.0001623963,9.245075e-05,0.0002544961,-0.2554338,-0.04563094,-9.784595,0,0,45.27803,1,1,7996,3998
6743,56115863,-0.0002936521,-3.198471e-05,0.0003780601,-0.2601931,-0.04544874,-9.793466,0,0,45.27821,1,1,7996,3998
6757,56135409,-0.0004976988,-0.0001436266,0.000343666,-0.2573119,-0.04545431,-9.803267,0,0,45.27795,1,1,7996,3998
6764,56155566,-0.0006184592,-0.0002193141,0.000286198,-0.2528401,-0.05558123,-9.804024,0,0,45.27821,1,1,7996,3998
6771,56175552,-0.0005224317,-0.0003319011,0.0002205934,-0.2496157,-0.04654183,-9.811354,0,0,45.27808,1,1,7996,3998
6780,56195606,-0.0002807557,-0.000299717,0.0001184102,-0.2593883,-0.04686288,-9.803922,0,0,45.27803,1,1,7996,3998
6787,56215587,-0.0001845106,-0.0002259435,0.0001102781,-0.2589165,-0.05043757,-9.784571,0,0,45.27826,1,1,7996,3998
6800,56235547,-0.0001591889,-1.232691e-05,0.0001039636,-0.2556472,-0.04913855,-9.782239,0,0,45.2781,1,1,7996,3998
6807,56255573,-0.0001236632,0.0001378782,6.137942e-05,-0.2566395,-0.04503019,-9.788038,0,0,45.27821,1,1,7996,3998
6816,56275475,-0.000208382,3.683829e-05,8.354562e-05,-0.2647529,-0.04235047,-9.79082,0,0,45.27815,1,1,7996,3998
6823,56295538,-0.0002585046,-5.899015e-05,8.488115e-05,-0.2634615,-0.04351403,-9.800989,0,0,45.2777,1,1,7996,3998
6830,56315682,-0.0001219179,-3.566063e-05,-7.528401e-05,-0.2583657,-0.04563508,-9.79375,0,0,45.27737,1,1,7996,3998
6843,56335641,-0.000150689,-3.11442e-06,-0.0002288841,-0.2593269,-0.04536298,-9.790002,0,0,45.27699,1,1,7996,3998
6850,56355523,-0.0002414777,-3.901641e-05,-0.000451559,-0.2553385,-0.04798362,-9.79472,0,0,45.27696,1,1,7996,3998
6857,56375553,-0.0001235513,-6.017672e-05,-0.0005859262,-0.2582555,-0.05419636,-9.794003,0,0,45.27716,1,1,7996,3998
6866,56395597,-9.090593e-05,-6.02693e-05,-0.0006191174,-0.2543001,-0.05624441,-9.794927,0,0,45.27681,1,1,7996,3998
6873,56415631,-0.0001296555,-3.859671e-05,-0.0003928042,-0.2489649,-0.05318778,-9.797477,0,0,45.27602,1,1,7996,3998
6886,56435581,-0.0001748718,-4.086378e-06,-0.0001174156,-0.256378,-0.05002248,-9.793883,0,0,45.27548,1,1,7996,3998
6893,56455540,9.81669e-06,-8.302701e-05,-2.3163e-05,-0.2589381,-0.05018501,-9.791186,0,0,45.27519,1,1,7996,3998
6902,56475594,6.859435e-05,-0.0001929004,-4.031732e-05,-0.2569982,-0.04747202,-9.799582,0,0,45.27472,1,1,7996,3998
6909,56495446,-4.769395e-05,-0.0001872314,-0.0002517778,-0.2526012,-0.04358926,-9.80099,0,0,45.27485,1,1,7996,3998
6916,56515781,-0.0001666488,-0.0003260227,-0.0003176984,-0.2585615,-0.0432301,-9.796682,0,0,45.27489,1,1,7996,3998
6929,56535568,-0.0002302131,-0.000285258,-0.0002451313,-0.2621926,-0.04740809,-9.799864,0,0,45.27477,1,1,7996,3998
6937,56555602,-0.0003506396,-0.00010225,-0.0001013312,-0.2630851,-0.04367241,-9.806158,0,0,45.27475,1,1,7996,3998
6944,56575447,-0.0002059435,-2.668449e-05,-4.463041e-05,-0.260368,-0.0401534,-9.79996,0,0,45.27485,1,1,7996,3998
6953,56595573,-9.931529e-05,0.0001236331,0.0002166247,-0.2597294,-0.03893073,-9.800535,0,0,45.27482,1,1,7996,3998
6960,56615628,-0.0002773603,0.0003404107,0.0002911878,-0.2586302,-0.0465955,-9.804099,0,0,45.27477,1,1,7996,3998
6973,56635439,-0.0003273565,0.0003071462,0.0003471425,-0.2509776,-0.04378397,-9.812527,0,0,45.27483,1,1,7996,3998
6980,56655576,-0.0004152982,0.0002040946,0.000150883,-0.254385,-0.05341409,-9.794216,0,0,45.27484,1,1,7996,3998
6987,56675561,-0.0004750142,8.617128e-05,4.863321e-05,-0.2604975,-0.05436078,-9.791958,0,0,45.27415,1,1,7996,3998
6996,56695561,-0.0005140018,0.0001309881,8.491123e-05,-0.2598668,-0.04996842,-9.792311,0,0,45.27345,1,1,7996,3998
7003,56715571,-0.0002710454,0.0003330043,-2.210115e-05,-0.2547936,-0.0464629,-9.789574,0,0,45.27341,1,1,7996,3998
7017,56735572,-0.0002524674,0.0003704861,1.625374e-05,-0.2548877,-0.05010401,-9.79269,0,0,45.27341,1,1,7996,3998
7024,56755578,-0.0002162848,0.0005127428,0.0002822766,-0.2542835,-0.05709926,-9.802011,0,0,45.27339,1,1,7996,3998
7031,56775578,-0.0003505045,0.0005264243,0.0006938854,-0.256721,-0.05553879,-9.8061,0,0,45.27319,1,1,7996,3998
7040,56795580,-0.000294872,0.0005495326,0.000932443,-0.2596702,-0.0490307,-9.811827,0,0,45.27299,1,1,7996,3998
7047,56815661,-0.0001204365,0.000541904,0.0008758527,-0.2614933,-0.04991139,-9.801817,0,0,45.27293,1,1,7996,3998
7060,56835584,2.730649e-05,0.0004933068,0.0006517496,-0.2582588,-0.05323466,-9.794766,0,0,45.27293,1,1,7996,3998
7067,56855438,0.0002788739,0.0003636888,0.0004627311,-0.2596665,-0.04960996,-9.796488,0,0,45.27324,1,1,7996,3998
7074,56875589,0.0003968493,0.0002391516,0.0004446306,-0.2621313,-0.0520976,-9.806116,0,0,45.27379,1,1,7996,3998
7083,56895573,0.0005282894,9.855571e-05,0.0005432571,-0.2638459,-0.0565624,-9.807775,0,0,45.2748,1,1,7996,3998
7090,56915558,0.0003825226,-3.116695e-05,0.0005224267,-0.2588274,-0.06077004,-9.799855,0,0,45.27604,1,1,7996,3998
7103,56935586,0.0001467108,-0.0001118468,0.0005125676,-0.2482799,-0.05807512,-9.799541,0,0,45.27695,1,1,7996,3998
7110,56955605,-9.502673e-05,-0.0001765707,0.000360371,-0.2513254,-0.05904461,-9.798604,0,0,45.27798,1,1,7996,3998
7117,56975548,-0.0001865431,-0.0001893339,0.0003706245,-0.2523133,-0.05052501,-9.802774,0,0,45.27888,1,1,7996,3998
7126,56995595,-0.0002597364,-5.736056e-05,0.0004035354,-0.2515804,-0.04531357,-9.795749,0,0,45.27973,1,1,7996,3998
7133,57015652,-0.0003588122,7.772037e-05,0.0004632051,-0.2519661,-0.04807425,-9.782213,0,0,45.2805,1,1,7996,3998
7146,57035571,-0.0003323302,0.000210753,0.0004973852,-0.2563905,-0.04652584,-9.783039,0,0,45.28074,1,1,7996,3998
7156,57055559,-0.0002383467,0.0001212737,0.000382871,-0.2594626,-0.04894842,-9.795834,0,0,45.28113,1,1,7996,3998
7163,57075555,9.261023e-05,3.976883e-05,0.0002138664,-0.2513984,-0.05499257,-9.80172,0,0,45.28164,1,1,7996,3998
7172,57095582,0.000290216,2.864486e-05,-2.623144e-05,-0.2537678,-0.05484691,-9.79685,0,0,45.28222,1,1,7996,3998
7180,57115668,0.0004039472,-4.070345e-05,-0.0001340114,-0.252267,-0.05397196,-9.794304,0,0,45.28296,1,1,7996,3998
7193,57135429,0.0003816333,0.0001129195,-0.0001552567,-0.2541713,-0.05416348,-9.799444,0,0,45.28333,1,1,7996,3998
7201,57155579,0.000409217,0.0002876315,-0.0001631778,-0.254525,-0.05106535,-9.796244,0,0,45.28321,1,1,7996,3998
7208,57175565,0.0004804894,0.0004078496,-0.0002277045,-0.2553609,-0.05278873,-9.790918,0,0,45.28291,1,1,7996,3998
7217,57195578,0.0005683443,0.0004231375,-0.0002602948,-0.2550745,-0.052142,-9.791876,0,0,45.28239,1,1,7996,3998
7224,57215618,0.0006957504,0.0003009668,-0.0003441735,-0.2608246,-0.05602965,-9.787754,0,0,45.28256,1,1,7996,3998
7237,57235538,0.0006287531,0.0001398395,-0.0002229818,-0.2566697,-0.05548018,-9.784914,0,0,45.28262,1,1,7996,3998
7244,57255574,0.0003703983,-9.959489e-05,-0.0002313506,-0.2584393,-0.05330767,-9.790295,0,0,45.28248,1,1,7996,3998
7251,57275436,6.11461e-05,-0.0003454614,-0.000188439,-0.2615111,-0.05260709,-9.793554,0,0,45.28296,1,1,7996,3998
7260,57295581,-0.0002844065,-0.0004986103,1.702715e-06,-0.2633268,-0.05066488,-9.790274,0,0,45.28325,1,1,7996,3998
7267,57315607,-0.000540372,-0.000553678,0.0004883485,-0.2610705,-0.0494245,-9.7933,0,0,45.28334,1,1,7996,3998
7280,57335578,-0.0006903991,-0.000428795,0.000629354,-0.2544063,-0.04433548,-9.789837,0,0,45.28318,1,1,7996,3998
7287,57355522,-0.0006216245,-0.0002407865,0.000808626,-0.2487826,-0.04805696,-9.792887,0,0,45.28288,1,1,7996,3998
7294,57375585,-0.0004101638,-0.0001371276,0.0008763587,-0.2463853,-0.0537316,-9.80035,0,0,45.28239,1,1,7996,3998
7303,57395568,-0.0002900865,-2.715734e-05,0.0008150309,-0.2611783,-0.04988549,-9.815271,0,0,45.28247,1,1,7996,3998
7310,57415594,-0.0002435443,9.945446e-05,0.0009874268,-0.2678286,-0.04826063,-9.813794,0,0,45.28257,1,1,7996,3998
7323,57435642,-2.084748e-05,0.0002491848,0.00108637,-0.2617883,-0.05110324,-9.808935,0,0,45.28246,1,1,7996,3998
7330,57455569,0.0001023229,0.0003413712,0.0009598628,-0.2574542,-0.04717698,-9.8084,0,0,45.28273,1,1,7996,3998
7337,57475583,0.0001993297,0.0003345634,0.0006069709,-0.2578359,-0.05335442,-9.798327,0,0,45.28246,1,1,7996,3998
7346,57495569,0.0003778813,0.0003050842,0.0002621426,-0.2614172,-0.05299992,-9.794779,0,0,45.28318,1,1,7996,3998
7353,57515598,0.0005354797,0.0003446498,9.485705e-05,-0.2553978,-0.05567271,-9.798095,0,0,45.28407,1,1,7996,3998
7366,57535584,0.0006585334,0.0003202953,-2.077516e-05,-0.2545536,-0.04952455,-9.802962,0,0,45.28463,1,1,7996,3998
7373,57555549,0.0007556132,0.0002150297,-7.024423e-05,-0.2526756,-0.04506798,-9.808952,0,0,45.28561,1,1,7996,3998
7383,57575588,0.0003980359,2.125528e-05,0.0001527986,-0.2578474,-0.04699912,-9.802067,0,0,45.28657,1,1,7996,3998
7390,57595556,-8.006329e-06,-0.0001828385,0.0004584215,-0.256679,-0.04994272,-9.792047,0,0,45.28767,1,1,7996,3998
7397,57615666,-0.0001863017,-0.0001238944,0.0004978339,-0.2549396,-0.05046859,-9.791555,0,0,45.28862,1,1,7996,3998
7410,57635532,-0.0002556359,-3.391155e-05,0.0005273437,-0.2503888,-0.05067881,-9.790426,0,0,45.28947,1,1,7996,3998
7417,57655661,-0.0001078303,1.77786e-05,0.000334495,-0.2540953,-0.05114414,-9.784805,0,0,45.28997,1,1,7996,3998
7424,57675598,-2.526194e-05,8.442302e-05,0.0003097597,-0.2545418,-0.05613858,-9.780165,0,0,45.2907,1,1,7996,3998
7433,57695591,-0.0001494077,2.614112e-05,0.0001980897,-0.2520024,-0.05768365,-9.779447,0,0,45.29119,1,1,7996,3998
7440,57715657,-0.0003224509,-5.350101e-05,3.281522e-05,-0.2540922,-0.05830418,-9.794437,0,0,45.29165,1,1,7996,3998
7453,57735596,-0.0004946411,-0.000167429,-3.721889e-05,-0.2547412,-0.04898062,-9.809735,0,0,45.2909,1,1,7996,3998
7460,57755651,-0.0005295289,-0.0002117887,-7.295969e-05,-0.2572209,-0.04150039,-9.808735,0,0,45.28988,1,1,7996,3998
7467,57775588,-0.0002593586,-0.0002799395,-0.000108593,-0.2552859,-0.04663848,-9.795491,0,0,45.28863,1,1,7996,3998
7476,57795690,0.0001283946,-0.0003625352,-5.81724e-05,-0.2559393,-0.05112206,-9.791277,0,0,45.28759,1,1,7996,3998
7483,57815702,0.0003297681,-0.0001893045,-0.0001655391,-0.2609481,-0.04872919,-9.797336,0,0,45.2865,1,1,7996,3998
7496,57835675,0.0004410153,-0.0002065564,-0.0002004093,-0.26959,-0.04991754,-9.798862,0,0,45.2856,1,1,7996,3998
7503,57855539,0.0002390854,-0.0002507212,-0.0002068702,-0.2679013,-0.05133061,-9.805311,0,0,45.28521,1,1,7996,3998
7510,57875670,-3.006251e-06,-0.000231139,-0.0002903938,-0.2616619,-0.04978177,-9.813207,0,0,45.28457,1,1,7996,3998
7519,57895610,-0.0001375297,-0.0002636475,-0.000365723,-0.2618565,-0.04464423,-9.816011,0,0,45.28406,1,1,7996,3998
7526,57915614,-0.0001649464,-0.0003378336,-0.0002056759,-0.2554083,-0.04735033,-9.80859,0,0,45.28331,1,1,7996,3998
7539,57935572,-6.859468e-05,-0.0003031372,-2.34908e-05,-0.2551382,-0.04858769,-9.791168,0,0,45.28241,1,1,7996,3998
7546,57955579,-9.925011e-05,-0.0001654943,0.0001279056,-0.2561996,-0.05330159,-9.79622,0,0,45.28138,1,1,7996,3998
7553,57975717,-0.0003132154,-0.0001146053,0.0003441535,-0.2614358,-0.05520416,-9.806527,0,0,45.28082,1,1,7996,3998
7562,57995530,-0.0003698917,9.06979e-05,0.0002523281,-0.257061,-0.05150125,-9.804381,0,0,45.28029,1,1,7996,3998
7569,58015670,-0.0002276084,0.0002561379,7.54931e-05,-0.2555293,-0.04205553,-9.797598,0,0,45.28007,1,1,7996,3998
7582,58035588,9.884751e-06,0.0003536251,7.243127e-07,-0.2544699,-0.04610495,-9.797848,0,0,45.27992,1,1,7996,3998
7589,58055618,0.0001052222,0.0002673089,0.0001051978,-0.2585558,-0.05528089,-9.799603,0,0,45.27973,1,1,7996,3998
7599,58075626,8.836947e-05,-6.113301e-06,0.0002721948,-0.2566995,-0.05280937,-9.7984,0,0,45.2797,1,1,7996,3998
7608,58095734,-5.811711e-05,-1.920035e-05,0.0002536494,-0.250304,-0.0521501,-9.791723,0,0,45.2797,1,1,7996,3998
7616,58115879,-5.67784e-05,0.0001157271,0.0003110691,-0.2475176,-0.04372349,-9.797922,0,0,45.27977,1,1,7996,3998
7629,58135644,-0.0001138566,0.0002584136,0.0003977205,-0.2500053,-0.04239856,-9.797626,0,0,45.27996,1,1,7996,3998
7636,58155634,-0.0002585783,0.0004664404,0.0003144442,-0.2499082,-0.04925727,-9.787104,0,0,45.28023,1,1,7996,3998
7644,58175650,-0.0003628021,0.0005950946,0.0002813624,-0.254343,-0.05239764,-9.784299,0,0,45.28122,1,1,7996,3998
7653,58195675,-0.0003011165,0.0006962758,0.0003459191,-0.2592572,-0.05616054,-9.786739,0,0,45.28223,1,1,7996,3998
7660,58215685,-0.0001711528,0.0004823243,0.0003758295,-0.2668394,-0.0463495,-9.798986,0,0,45.28302,1,1,7996,3998
7673,58235645,-0.0001518018,0.0001839773,0.0004017466,-0.2581173,-0.0432071,-9.81187,0,0,45.28354,1,1,7996,3998
7680,58255613,-0.0001576155,5.937101e-05,0.0003047907,-0.2574472,-0.04602137,-9.810238,0,0,45.2844,1,1,7996,3998
7687,58275613,-0.0001726201,4.376248e-05,0.0001560441,-0.2634615,-0.04755854,-9.805575,0,0,45.2854,1,1,7996,3998
7696,58295679,-0.0001216125,0.0001658617,-3.034251e-05,-0.2633067,-0.04640844,-9.802541,0,0,45.28666,1,1,7996,3998
7703,58315730,0.0001021548,0.0003408571,-6.822858e-05,-0.2593623,-0.05318179,-9.79353,0,0,45.28779,1,1,7996,3998
